,Year (group)  /  UCR Violation Type Group (Incident) (group),,,,,,,,,,,,,,,,,,,,,,,,,,,,,,,,,,,,,,,,,,,,,,,,,,,,,,,,,,,,,,,
,2009,,,,,,,,2010,,,,,,,,2011,,,,,,,,"2,012",,,,,,,,2013,,,,,,,,2014,,,,,,,,2015,,,,,,,,2016,,,,,,,
Neighbourhood Name,Assault,Break and Enter,Homicide,Robbery,Sexual Assaults,Theft From Vehicle,Theft Of Vehicle,Theft Over $5000,Assault,Break and Enter,Homicide,Robbery,Sexual Assaults,Theft From Vehicle,Theft Of Vehicle,Theft Over $5000,Assault,Break and Enter,Homicide,Robbery,Sexual Assaults,Theft From Vehicle,Theft Of Vehicle,Theft Over $5000,Assault,Break and Enter,Homicide,Robbery,Sexual Assaults,Theft From Vehicle,Theft Of Vehicle,Theft Over $5000,Assault,Break and Enter,Homicide,Robbery,Sexual Assaults,Theft From Vehicle,Theft Of Vehicle,Theft Over $5000,Assault,Break and Enter,Homicide,Robbery,Sexual Assaults,Theft From Vehicle,Theft Of Vehicle,Theft Over $5000,Assault,Break and Enter,Homicide,Robbery,Sexual Assaults,Theft From Vehicle,Theft Of Vehicle,Theft Over $5000,Assault,Break and Enter,Homicide,Robbery,Sexual Assaults,Theft From Vehicle,Theft Of Vehicle,Theft Over $5000
ABBOTTSFIELD,22099,18081,,18081,8036,14063,14063,,22110,16080,2010,6030,8040,16080,16080,,24132,10055,,12066,8044,22121,14077,,24144,16096,,8048,12072,10060,12072,,24156,12078,,14091,14091,14091,20130,2013,24168,10070,,10070,8056,20140,22154,,18135,4030,,12090,8060,18135,20150,,12096,8064,,6048,,8064,4032,
ALBANY,,,,,,,,,,,,,,2010,,,,2011,,,,,,2011,2012,,,2012,,2012,4024,2012,2013,8052,,,,12078,4026,,4028,10070,,2014,,10070,6042,2014,12090,16120,,4030,,16120,6045,2015,6048,6048,,2016,2016,12096,2016,2016
ALBERTA AVENUE,24108,24108,2009,22099,20090,24108,24108,4018,24120,24120,2010,20100,12060,24120,24120,2010,24132,24132,2011,22121,18099,24132,24132,4022,24144,24144,2012,18108,16096,24144,24144,2012,24156,24156,2013,22143,14091,24156,24156,4026,24168,24168,2014,22154,6042,24168,24168,,24180,24180,,24180,18135,24180,24180,4030,12096,12096,2016,10080,6048,12096,12096,2016
ALBERTA PARK INDUSTRIAL,,20090,,,,16072,8036,4018,4020,14070,,,4020,6030,16080,,,8044,,,,6033,4022,2011,,8048,,,2012,12072,6036,,,12078,,,,8052,6039,,,6042,,,,6042,10070,,,14105,,,2015,12090,12090,4030,2016,4032,,,,10080,4032,4032
ALDERGROVE,18081,20090,,10045,4018,22099,20090,,22110,14070,,4020,4020,18090,16080,,10055,12066,,8044,8044,22121,16088,,20120,14084,,10060,2012,24144,16096,4024,16104,16104,,10065,4026,16104,16104,,18126,16112,,12084,6042,22154,18126,2014,12090,20150,,8060,2015,18135,18135,,8064,10080,,4032,2016,10080,12096,
ALLARD,,,,,,,,,,2010,,,,,,,,2011,,,,2011,,4022,2012,2012,,,,2012,2012,,,8052,,,,6039,,4026,2014,8056,,,,4028,4028,2014,2015,12090,,,,8060,8060,2015,6048,6048,,,,8064,2016,2016
ALLENDALE,20090,18081,,12054,2009,24108,20090,2009,14070,20100,,6030,8040,18090,20100,2010,16088,20110,,2011,4022,22121,18099,,24144,20120,,,8048,20120,16096,,18117,20130,,4026,2013,20130,8052,2013,20140,14098,,2014,8056,22154,16112,4028,18135,20150,,4030,,20150,18135,4030,6048,10080,,6048,,12096,10080,
AMBLESIDE,4018,14063,,,,20090,12054,8036,6030,12060,,2010,,14070,4020,2010,4022,10055,,,,10055,14077,2011,8048,18108,,2012,,16096,6036,4024,4026,14091,,6039,,16104,8052,2013,6042,16112,,2014,2014,14098,10070,6042,12090,24180,,,2015,18135,14105,6045,6048,6048,,,2016,6048,6048,2016
ANTHONY HENDAY,4018,4018,,,,4018,4018,,2010,4020,,,,,2010,4020,2011,,,,,4022,2011,,2012,,,,,,,4024,2013,2013,,2013,,2013,4026,,,,,,2014,,,,2015,2015,,,,,,,,2016,,,,2016,2016,
ANTHONY HENDAY CASTLEDOWNS,,,,,,,,,,,,,,,,,,,,,,,,,,,,,,,,,,,,,,,,,,,,,,,,,,,,,,2015,2015,,,,,,,,,
ANTHONY HENDAY LAKE DISTRICT,,,,,,,,,,,,,,,,,,,,,,,,,,,,,,,,,,,,,,,,2013,,,,,,2014,,,,,,,,,,,,,,,,,,
ANTHONY HENDAY MISTATIM,,2009,,,,,,,,,,,,,,,,,,,,,,,,,,,,,,,,,,,,,,,2014,,,,,,,,,,,,,,,,,,,,,,,
ANTHONY HENDAY SOUTH,,2009,,,,2009,4018,,2010,2010,,,,2010,4020,,,4022,,,,,2011,4022,2012,2012,,,,,4024,2012,4026,4026,,,,,2013,,2014,,,2014,,2014,,,2015,6045,,,,2015,2015,,2016,,,,,,,2016
ANTHONY HENDAY SOUTH WEST,2009,,,,,,2009,2009,2010,,,,,4020,,,2011,,,,,,,,,,,2012,,,2012,,,,,,,4026,,,,,,,,4028,4028,,4030,,,,,,2015,,,,,,,2016,,
ANTHONY HENDAY TERWILLEGAR,,,,,,,,,,,,,,,2010,2010,,,,,,,,2011,2012,,,2012,,2012,4024,,,,,,,,,,2014,,,,,,,,,,,,,,,,,,,,,,,
ARGYLL,6027,12054,,,,8036,12054,2009,2010,12060,,,,10050,4020,,4022,2011,,2011,2011,8044,6033,,2012,8048,,,,10060,2012,,2013,6039,,,,6039,4026,,4028,10070,,2014,,12084,4028,,2015,8060,,2015,,2015,4030,,,4032,,,2016,6048,2016,
ARMSTRONG INDUSTRIAL,4018,6027,,4018,2009,16072,8036,2009,12060,6030,,,,20100,8040,4020,14077,6033,,,,12066,8044,2011,12072,2012,,,2012,12072,4024,6036,6039,14091,,2013,2013,16104,14091,4026,4028,,,,,16112,6042,4028,4030,2015,,,,16120,8060,2015,2016,4032,,,2016,6048,10080,
ASPEN GARDENS,,12054,,,,8036,6027,,,10050,,2010,,12060,10050,,,2011,,4022,,8044,4022,,8048,10060,,,2012,8048,8048,,,8052,,,2013,8052,2013,2013,8056,6042,,,4028,10070,2014,,6045,10075,,,2015,12090,4030,,2016,4032,,,,10080,4032,
ATHLONE,16072,18081,,8036,2009,24108,22099,,18090,22110,,6030,10050,24120,18090,4020,12066,14077,,2011,4022,20110,12066,,12072,14084,,10060,4024,22132,12072,2012,22143,22143,,6039,4026,20130,20130,4026,18126,18126,,,2014,20140,18126,,20150,20150,,4030,2015,22165,20150,2015,8064,10080,,4032,2016,12096,8064,
AVONMORE,10045,20090,2009,,2009,20090,16072,,10050,6030,,,,12060,10050,,12066,14077,,2011,,18099,6033,,8048,12072,,4024,4024,12072,6036,,16104,16104,,2013,2013,14091,10065,,12084,18126,,,,20140,14098,,8060,14105,,2015,,16120,10075,,6048,10080,,,,12096,6048,
BALWIN,24108,22099,2009,18081,8036,24108,22099,,24120,20100,,20100,8040,24120,20100,2010,24132,20110,4022,10055,6033,20110,22121,,24144,24144,,16096,8048,20120,20120,,24156,20130,2013,16104,8052,22143,18117,,24168,22154,,10070,8056,24168,20140,,22165,24180,,8060,6045,20150,22165,,12096,10080,,4032,8064,12096,12096,
BANNERMAN,22099,20090,,12054,4018,24108,24108,2009,20100,20100,,4020,6030,14070,14070,,16088,8044,,12066,4022,18099,16088,2011,20120,8048,,4024,4024,16096,12072,,20130,8052,,2013,8052,20130,6039,4026,20140,10070,,4028,8056,18126,16112,,20150,12090,,,2015,20150,14105,2015,10080,10080,,4032,2016,10080,10080,
BARANOW,8036,20090,,4018,2009,22099,12054,,8040,20100,,6030,,20100,14070,6030,12066,14077,,4022,2011,18099,4022,4022,18108,14084,,4024,4024,12072,12072,,14091,14091,,,,18117,10065,,10070,12084,,6042,,22154,14098,2014,4030,14105,,4030,2015,12090,12090,4030,4032,8064,,8064,,12096,6048,
BATURYN,12054,10045,,4018,4018,24108,16072,8036,16080,12060,,2010,2010,22110,14070,4020,18099,10055,,4022,2011,24132,12066,,20120,10060,,4024,,16096,8048,2012,14091,10065,,,4026,20130,12078,,16112,14098,,6042,6042,22154,20140,,18135,10075,,,4030,20150,18135,4030,2016,8064,,4032,2016,10080,12096,
BEACON HEIGHTS,24108,24108,2009,12054,6027,24108,20090,,24120,22110,,14070,10050,24120,18090,4020,24132,22121,2011,16088,10055,20110,22121,2011,24144,20120,,14084,6036,20120,22132,2012,24156,18117,,12078,8052,24156,20130,6039,24168,16112,,16112,6042,22154,22154,8056,24180,22165,,18135,10075,18135,16120,,12096,10080,2016,6048,2016,12096,12096,4032
BEARSPAW,4018,6027,,,,12054,6027,,,6030,,,2010,16080,4020,2010,6033,4022,,,,8044,,,2012,6036,,2012,,8048,6036,,,6039,,2013,,8052,2013,,6042,6042,,,2014,10070,14098,,,6045,,4030,,10075,,2015,2016,2016,,,,2016,4032,
BEAUMARIS,16072,16072,,10045,2009,24108,20090,,14070,22110,,8040,2010,24120,20100,2010,14077,20110,,4022,4022,18099,18099,,14084,20120,2012,6036,2012,14084,16096,2012,10065,16104,,12078,6039,24156,20130,2013,14098,16112,,6042,8056,24168,18126,2014,16120,16120,,2015,2015,22165,12090,2015,10080,6048,,,4032,10080,10080,
BELGRAVIA,6027,22099,,2009,,16072,6027,,4020,16080,,,2010,12060,6030,,2011,14077,,,2011,4022,8044,,2012,18108,,2012,2012,12072,2012,,,14091,,,,12078,2013,2013,4028,18126,,,2014,18126,6042,,2015,18135,,,4030,20150,4030,,2016,12096,,,,8064,2016,
BELLE RIVE,14063,20090,,,,18081,12054,2009,10050,8040,,,,16080,14070,2010,10055,8044,,4022,2011,12066,4022,2011,14084,4024,,2012,,12072,10060,2012,12078,8052,2013,,,20130,8052,2013,4028,14098,,2014,2014,20140,10070,2014,8060,10075,,,4030,16120,10075,2015,6048,8064,,2016,6048,10080,6048,
BELLEVUE,14063,14063,,2009,2009,18081,6027,,6030,14070,,,,20100,10050,,20110,8044,,,6033,20110,10055,,16096,18108,,2012,2012,12072,8048,,16104,8052,,6039,2013,8052,12078,,8056,12084,,2014,4028,18126,14098,,16120,16120,,2015,2015,22165,14105,,6048,8064,,2016,,12096,8064,
BELMEAD,18081,16072,2009,8036,2009,20090,24108,,14070,20100,,14070,6030,18090,20100,,22121,14077,,6033,4022,22121,16088,4022,22132,10060,,8048,8048,20120,12072,,22143,16104,,2013,4026,18117,16104,,18126,18126,,10070,,20140,18126,,22165,12090,,8060,2015,24180,18135,2015,12096,6048,,4032,2016,12096,10080,
BELMONT,20090,18081,,10045,8036,24108,22099,2009,20100,12060,2010,6030,6030,20100,16080,4020,20110,16088,,8044,8044,18099,20110,,18108,12072,,10060,4024,22132,14084,,14091,18117,,12078,6039,16104,12078,,16112,18126,,8056,10070,22154,20140,,12090,18135,,8060,4030,20150,16120,,4032,6048,,4032,,12096,8064,2016
BELVEDERE,24108,24108,,20090,8036,24108,24108,2009,24120,24120,,20100,12060,24120,22110,2010,24132,24132,2011,20110,14077,24132,24132,2011,24144,24144,2012,14084,6036,24144,22132,4024,24156,24156,,18117,14091,24156,22143,6039,24168,22154,,18126,10070,24168,24168,10070,22165,22165,,18135,10075,24180,24180,4030,12096,12096,,8064,2016,12096,12096,
BERGMAN,8036,12054,,,,10045,10045,,6030,18090,,2010,,14070,10050,2010,4022,14077,,,2011,14077,12066,,4024,14084,,,2012,16096,2012,,10065,16104,,2013,4026,16104,12078,,6042,8056,,,4028,16112,14098,,10075,12090,,2015,,12090,14105,,2016,4032,,2016,,12096,6048,
BEVERLY HEIGHTS,22099,22099,,14063,10045,24108,16072,,24120,22110,,14070,2010,20100,16080,2010,22121,20110,,8044,2011,22121,20110,,24144,24144,,10060,4024,20120,14084,2012,24156,18117,2013,6039,12078,22143,14091,2013,22154,18126,,10070,10070,22154,22154,2014,22165,22165,,12090,8060,24180,22165,6045,12096,12096,,2016,6048,12096,12096,2016
BISSET,16072,12054,,2009,6027,20090,14063,,14070,12060,,2010,6030,18090,10050,4020,16088,12066,,,2011,22121,14077,,10060,20120,,,2012,22132,18108,,20130,12078,,,4026,20130,20130,,18126,10070,,,4028,18126,14098,2014,14105,12090,,,,14105,12090,2015,12096,10080,,2016,2016,12096,10080,
BLACKBURNE,2009,4018,,,,12054,6027,,2010,6030,,,,8040,2010,,,,,,,4022,4022,,2012,4024,,,,6036,4024,2012,4026,2013,,,2013,8052,4026,,4028,2014,,,,10070,,,2015,6045,,2015,,6045,,2015,,4032,,,,6048,2016,
BLACKMUD CREEK,8036,4018,,,2009,16072,4018,2009,8040,8040,,,2010,18090,6030,2010,4022,12066,,2011,,14077,6033,2011,6036,10060,,2012,,12072,4024,4024,4026,6039,,,,12078,6039,,2014,12084,,2014,,16112,2014,,8060,14105,,2015,2015,14105,6045,,,8064,,,2016,8064,6048,
BLACKMUD CREEK RAVINE,,,,,,,,,,,,,,2010,,,,,,,,,,,,,,,,,,,,,,,,,,,,,,,,,,,,,,,,,,,,,,,,,,
BLUE QUILL,14063,18081,,6027,6027,20090,22099,,18090,18090,2010,6030,10050,18090,16080,,18099,22121,,6033,4022,18099,12066,2011,18108,14084,4024,10060,4024,20120,10060,,10065,12078,,6039,2013,18117,14091,,14098,20140,,4028,6042,14098,10070,2014,16120,20150,,16120,2015,18135,20150,4030,6048,10080,,4032,2016,12096,2016,
BLUE QUILL ESTATES,,12054,,,,14063,12054,,8040,8040,,,2010,8040,4020,,8044,6033,,2011,,10055,10055,,,8048,,,,4024,4024,,2013,6039,,,2013,8052,8052,,6042,8056,,,,12084,6042,,,8060,2015,2015,2015,16120,,2015,4032,4032,,,,4032,,
BONAVENTURE INDUSTRIAL,,12054,,,,14063,16072,4018,,16080,,,,14070,10050,2010,,12066,,,,12066,10055,4022,2012,12072,,,2012,6036,4024,,4026,18117,,,,12078,14091,4026,8056,16112,,2014,,10070,16112,4028,4030,10075,,2015,,12090,16120,6045,,4032,,,,10080,8064,2016
BONNIE DOON,22099,24108,,16072,8036,24108,24108,4018,22110,24120,,12060,8040,24120,20100,2010,22121,20110,,12066,16088,24132,20110,4022,24144,22132,,4024,8048,18108,14084,,24156,20130,,16104,8052,22143,24156,2013,24168,22154,,18126,6042,18126,20140,4028,24180,24180,,16120,,24180,16120,6045,12096,12096,,4032,,12096,10080,4032
BOYLE STREET,24108,24108,,24108,20090,24108,24108,6027,24120,22110,,20100,22110,24120,24120,2010,24132,22121,6033,22121,22121,24132,20110,6033,24144,24144,2012,24144,22132,24144,24144,6036,24156,22143,,24156,20130,24156,20130,,24168,24168,2014,20140,20140,24168,22154,4028,24180,24180,,24180,20150,24180,24180,2015,12096,12096,2016,8064,8064,12096,12096,4032
BRANDER GARDENS,6027,8036,,,2009,16072,4018,,12060,8040,,,2010,14070,2010,2010,10055,8044,,2011,2011,12066,2011,2011,8048,8048,,,2012,6036,2012,,6039,12078,,2013,,14091,2013,,4028,8056,,,6042,6042,4028,,14105,14105,,,4030,16120,8060,,6048,6048,2016,,,8064,6048,2016
BRECKENRIDGE GREENS,6027,6027,,,,18081,6027,,2010,12060,,2010,,18090,14070,2010,,6033,,,,10055,4022,,4024,4024,,,,10060,6036,,,2013,,,2013,8052,2013,,6042,4028,,,,8056,2014,,4030,12090,,,,16120,4030,,2016,4032,,,,10080,4032,
BRINTNELL,10045,6027,,4018,4018,18081,16072,4018,10050,14070,,,2010,20100,16080,4020,10055,8044,,,2011,16088,10055,2011,12072,14084,,,2012,18108,14084,2012,16104,14091,,,2013,18117,4026,,8056,6042,,4028,6042,18126,18126,2014,14105,16120,,4030,4030,24180,20150,,6048,4032,,,2016,12096,8064,2016
BRITANNIA YOUNGSTOWN,24108,24108,,20090,6027,24108,24108,2009,20100,22110,,8040,8040,24120,20100,2010,22121,22121,,16088,10055,22121,18099,6033,24144,18108,,10060,12072,22132,20120,,24156,22143,,10065,10065,24156,20130,2013,24168,20140,,14098,6042,22154,22154,,24180,20150,,14105,12090,24180,18135,8060,12096,12096,,8064,2016,10080,12096,2016
BROOKSIDE,8036,4018,,,2009,6027,4018,,6030,8040,,,6030,4020,2010,2010,8044,4022,,,,2011,,,2012,4024,,,2012,6036,,,6039,8052,,,4026,6039,2013,2013,8056,6042,,,4028,4028,4028,,,4030,,,,4030,4030,2015,,6048,,,,6048,,
BROWN INDUSTRIAL,2009,14063,,2009,,6027,2009,,,8040,,2010,,4020,8040,,6033,6033,,,,10055,2011,,,4024,,,,2012,2012,2012,2013,,,,,8052,8052,,,6042,,,,10070,12084,2014,2015,12090,,,,8060,4030,,,2016,,,,4032,2016,
BULYEA HEIGHTS,14063,12054,,,,16072,8036,,2010,10050,,2010,,10050,4020,2010,,2011,,,,12066,4022,2011,6036,10060,,,,4024,2012,,2013,2013,,,2013,10065,2013,,2014,4028,,,,6042,4028,,2015,12090,2015,2015,2015,18135,6045,,2016,6048,,,,2016,,
CAERNARVON,22099,20090,,10045,8036,20090,16072,,22110,20100,2010,6030,4020,20100,20100,,20110,18099,2011,4022,2011,20110,12066,,16096,16096,,8048,4024,22132,16096,,14091,16104,,10065,6039,24156,22143,2013,18126,20140,,16112,8056,24168,16112,2014,20150,20150,,8060,10075,18135,14105,,12096,4032,,2016,,12096,6048,2016
CALDER,24108,22099,,16072,8036,24108,22099,2009,24120,24120,2010,20100,8040,24120,22110,,24132,20110,2011,10055,10055,22121,24132,2011,24144,24144,2012,6036,10060,24144,20120,4024,22143,24156,,14091,10065,24156,24156,,22154,24168,,16112,10070,24168,22154,,24180,24180,,14105,10075,24180,22165,4030,12096,12096,,4032,2016,12096,12096,
CALGARY TRAIL NORTH,20090,20090,,6027,,24108,22099,2009,16080,18090,,6030,2010,24120,20100,,18099,18099,,2011,,22121,22121,,24144,16096,,8048,6036,24144,20120,4024,22143,20130,,4026,8052,24156,22143,6039,20140,22154,,4028,2014,22154,22154,2014,22165,20150,,10075,4030,22165,24180,12090,12096,12096,,,,12096,10080,2016
CALGARY TRAIL SOUTH,22099,16072,,2009,2009,24108,14063,4018,16080,12060,,2010,,24120,12060,2010,16088,8044,,12066,2011,18099,8044,,18108,10060,,6036,8048,24144,16096,2012,16104,18117,,6039,4026,24156,16104,6039,14098,12084,,4028,2014,22154,10070,,16120,16120,,12090,4030,20150,22165,2015,10080,6048,,2016,,12096,8064,
CALLAGHAN,,10045,,,,,,,,4020,,,,2010,,4020,,4022,,,,4022,,4022,4024,8048,,2012,2012,2012,2012,,6039,4026,,2013,,4026,,4026,4028,6042,,4028,,12084,,,14105,8060,,,,14105,4030,2015,4032,4032,,,,8064,8064,
CALLINGWOOD NORTH,22099,16072,,10045,,20090,16072,2009,18090,12060,,4020,4020,24120,14070,,16088,14077,,10055,6033,16088,16088,,18108,14084,,10060,4024,20120,10060,,12078,12078,,2013,4026,18117,10065,,12084,10070,,4028,,20140,10070,2014,18135,10075,,6045,4030,18135,16120,,10080,4032,,8064,6048,12096,10080,
CALLINGWOOD SOUTH,24108,22099,,22099,6027,24108,24108,2009,24120,22110,2010,10050,12060,24120,24120,,22121,22121,,12066,12066,20110,18099,,24144,14084,,12072,6036,22132,22132,,22143,18117,,10065,8052,18117,16104,4026,24168,14098,,8056,8056,22154,14098,8056,22165,22165,,18135,2015,24180,24180,,10080,10080,,6048,8064,12096,12096,
CAMERON HEIGHTS,,6027,,,,8036,4018,2009,2010,4020,,,,,2010,,,,,,,8044,4022,,,4024,,,,4024,2012,,4026,,,,,8052,4026,,2014,8056,,,,8056,,6042,,12090,,,,12090,4030,2015,,4032,,,2016,6048,2016,
CANON RIDGE,6027,10045,,,,12054,4018,,14070,4020,,4020,,16080,8040,2010,6033,12066,,,,10055,8044,,10060,8048,,,,16096,14084,,12078,6039,,,,16104,16104,,12084,6042,,6042,2014,22154,10070,,12090,10075,,4030,2015,18135,22165,,8064,8064,,,2016,12096,8064,
CANORA,24108,22099,,22099,6027,24108,24108,,24120,22110,,12060,10050,22110,24120,4020,24132,18099,,18099,8044,22121,18099,2011,24144,20120,2012,18108,14084,22132,18108,2012,24156,22143,,8052,14091,20130,12078,,24168,22154,,14098,8056,24168,24168,4028,24180,14105,,18135,4030,22165,18135,8060,12096,10080,,8064,2016,12096,12096,2016
CANOSSA,10045,18081,,4018,4018,20090,18081,4018,12060,10050,,4020,,18090,16080,,6033,6033,,,4022,8044,8044,,4024,4024,,2012,,18108,2012,,8052,8052,,,,8052,10065,,8056,4028,,6042,,14098,6042,,4030,6045,,,4030,18135,6045,,,8064,,,,10080,4032,
CAPILANO,6027,10045,,,2009,16072,10045,,8040,10050,,,,10050,6030,,2011,16088,,,,8044,6033,,4024,18108,,4024,4024,12072,14084,,4026,10065,,,4026,12078,4026,,14098,14098,,,2014,16112,2014,,8060,16120,,,,22165,8060,,4032,6048,,,4032,4032,10080,2016
CARLETON SQUARE INDUSTRIAL,4018,4018,,4018,,10045,12054,2009,2010,2010,,,,12060,4020,,4022,4022,,,,12066,10055,,4024,4024,,,,4024,10060,,6039,4026,,,,10065,14091,2013,2014,4028,,2014,,16112,6042,2014,4030,10075,,2015,2015,10075,6045,,2016,,,,,2016,2016,2016
CARLISLE,12054,12054,,2009,,22099,14063,,12060,18090,,2010,4020,18090,14070,,12066,12066,,2011,,18099,14077,,16096,16096,,2012,4024,14084,12072,,14091,20130,,4026,2013,24156,18117,,18126,10070,,,4028,18126,14098,2014,16120,14105,,2015,6045,22165,18135,,8064,8064,,2016,4032,12096,12096,2016
CARLTON,8036,14063,,2009,,16072,14063,,6030,10050,,2010,,14070,8040,,6033,2011,,,,16088,4022,,2012,14084,,,,10060,4024,,6039,14091,,,,12078,12078,4026,8056,10070,,,2014,12084,12084,2014,,16120,,,,20150,14105,2015,4032,8064,,2016,2016,10080,6048,
CARTER CREST,,8036,,,,8036,2009,,2010,10050,,,,10050,,2010,,2011,,,,6033,,,,2012,,,2012,2012,,2012,4026,,,,2013,2013,,,2014,2014,,,2014,6042,2014,2014,2015,4030,,,,6045,2015,,2016,6048,,,,2016,6048,
CASSELMAN,18081,18081,,10045,,18081,20090,,16080,18090,2010,4020,4020,16080,14070,,22121,10055,,6033,2011,24132,14077,2011,20120,8048,,6036,4024,16096,14084,2012,22143,10065,,8052,,18117,22143,,20140,12084,,4028,2014,22154,16112,,20150,12090,,6045,6045,22165,12090,,8064,4032,,,,12096,10080,
CENTRAL MCDOUGALL,24108,24108,4018,24108,14063,24108,24108,12054,24120,22110,,24120,18090,24120,24120,2010,24132,22121,6033,24132,18099,24132,24132,12066,24144,24144,2012,22132,20120,24144,24144,4024,24156,20130,4026,16104,16104,24156,20130,2013,24168,22154,,20140,18126,24168,24168,6042,24180,24180,2015,20150,20150,24180,24180,8060,12096,12096,,12096,8064,12096,12096,2016
CHAMBERY,2009,8036,,,,16072,8036,,2010,8040,,,,10050,4020,,2011,4022,,,2011,6033,8044,,,8048,,,,2012,,,4026,12078,,2013,,8052,12078,,8056,4028,,,2014,14098,2014,,2015,6045,,,,12090,4030,2015,4032,6048,,2016,4032,10080,4032,
CHAPPELLE AREA,2009,2009,,,,,,8036,,2010,,,,,,,,4022,,,,,,,4024,,,,2012,,2012,,2013,8052,,,,12078,6039,4026,2014,6042,,,,10070,2014,4028,4030,6045,,,2015,8060,4030,6045,4032,,2016,,,8064,4032,8064
CHARLESWORTH,2009,14063,,2009,,6027,8036,,8040,10050,,,4020,10050,4020,,2011,6033,,2011,,12066,8044,2011,8048,10060,,,,14084,16096,2012,8052,14091,,,,24156,12078,2013,10070,14098,,,2014,20140,10070,2014,6045,22165,2015,2015,,16120,10075,4030,8064,12096,,,,10080,8064,2016
CLAREVIEW TOWN CENTRE,24108,14063,,18081,6027,24108,24108,2009,24120,18090,,12060,2010,22110,22110,4020,24132,22121,,16088,8044,22121,22121,,24144,16096,,18108,8048,20120,18108,2012,22143,12078,,14091,4026,22143,18117,,22154,16112,,20140,12084,24168,24168,,24180,18135,,20150,14105,20150,24180,4030,12096,8064,,4032,8064,12096,12096,2016
CLOVER BAR AREA,4018,20090,,,2009,6027,14063,2009,4020,20100,,,,12060,10050,2010,4022,18099,,,,8044,8044,6033,6036,16096,,,,12072,14084,6036,6039,16104,,,,14091,10065,4026,2014,18126,,,,12084,12084,6042,6045,14105,,,,10075,4030,4030,2016,6048,,,,6048,6048,2016
CLOVERDALE,6027,16072,,2009,,20090,10045,,8040,8040,,,2010,16080,4020,,8044,6033,,,,6033,4022,2011,2012,12072,,6036,2012,4024,4024,,6039,14091,,,2013,12078,8052,2013,2014,6042,,,,10070,2014,,4030,14105,,,,10075,4030,,,4032,,,,8064,2016,
CORONET ADDITION INDUSTRIAL,10045,10045,,2009,2009,20090,10045,,6030,18090,,,,6030,10050,4020,4022,12066,,2011,,14077,14077,2011,,8048,,2012,2012,10060,6036,2012,8052,10065,,4026,2013,12078,10065,,4028,12084,,6042,,6042,10070,6042,,16120,,2015,,16120,6045,4030,2016,10080,,2016,,6048,4032,4032
CORONET INDUSTRIAL,12054,20090,,,,20090,14063,4018,18090,22110,,,2010,16080,14070,8040,16088,18099,,2011,,18099,8044,6033,14084,20120,,,2012,12072,14084,6036,4026,16104,,,,16104,8052,4026,8056,10070,,,,16112,10070,2014,,18135,,2015,,18135,16120,4030,4032,10080,,,,10080,4032,2016
CPR IRVINE,14063,10045,,2009,,14063,10045,4018,18090,8040,,4020,,14070,6030,,,6033,,,,8044,10055,,,2012,,,,12072,6036,,6039,2013,,,,8052,2013,,2014,6042,,,,14098,8056,,6045,12090,,,,12090,6045,2015,2016,6048,,,,8064,,2016
CPR WEST,,,,,,,,,2010,,,,,,,,,,,,,,,,2012,,,,,,,,,,,,,,,,,,,,,,,,,,,,,,,,,,,,,,,
CRAWFORD PLAINS,18081,14063,,4018,8036,22099,18081,,14070,16080,,4020,4020,18090,12060,,20110,18099,,2011,2011,18099,18099,2011,16096,16096,2012,8048,2012,22132,18108,2012,10065,6039,,2013,4026,22143,10065,,18126,6042,,,6042,20140,10070,,20150,16120,,4030,6045,18135,10075,,8064,6048,,4032,2016,12096,8064,
CRESTWOOD,12054,20090,,,4018,24108,10045,,12060,14070,,2010,2010,20100,8040,,8044,10055,,2011,,6033,10055,,10060,12072,2012,,,14084,6036,,10065,14091,,,,14091,8052,2013,8056,20140,,,2014,16112,8056,,8060,18135,,4030,,18135,14105,,2016,10080,,,,8064,6048,4032
CROMDALE,18081,16072,,12054,,20090,20090,,22110,12060,,14070,6030,20100,18090,2010,24132,22121,4022,4022,6033,18099,18099,,24144,16096,,4024,6036,24144,20120,,22143,16104,2013,6039,4026,20130,16104,,24168,16112,,8056,4028,24168,14098,,24180,16120,,8060,8060,24180,20150,2015,12096,12096,2016,6048,2016,12096,4032,
CUMBERLAND,10045,14063,,,2009,20090,18081,,14070,16080,,2010,2010,18090,10050,2010,8044,10055,,2011,2011,22121,12066,,12072,22132,,2012,,20120,6036,,16104,14091,,,4026,20130,10065,,16112,14098,,,4028,22154,18126,2014,10075,18135,,,4030,20150,18135,4030,2016,8064,,,2016,12096,6048,
DALY GROVE,12054,20090,,6027,4018,16072,16072,,16080,16080,,4020,2010,18090,10050,,12066,16088,,,4022,22121,16088,2011,12072,10060,,6036,4024,16096,10060,2012,14091,14091,,4026,8052,16104,20130,2013,18126,8056,,6042,6042,16112,16112,,14105,18135,,2015,4030,22165,14105,2015,8064,8064,,2016,2016,8064,6048,
DAVIES INDUSTRIAL EAST,2009,24108,,,,12054,20090,6027,,20100,,,,14070,10050,2010,6033,20110,,,,10055,18099,4022,,10060,,,4024,6036,4024,8048,2013,16104,,2013,,18117,10065,8052,4028,12084,,,,18126,14098,6042,2015,18135,,,,18135,12090,6045,,10080,,,,10080,8064,2016
DAVIES INDUSTRIAL WEST,6027,22099,,2009,,20090,12054,6027,10050,22110,,,,20100,8040,,6033,12066,,2011,,12066,10055,6033,6036,14084,,4024,,16096,10060,2012,8052,10065,,2013,4026,22143,12078,2013,2014,14098,,,,16112,14098,,,18135,,2015,,20150,14105,4030,4032,8064,,,,6048,4032,
DECHENE,4018,10045,,2009,,22099,2009,,6030,4020,,,,18090,2010,,6033,4022,,2011,,4022,2011,,2012,6036,,,,8048,2012,2012,2013,6039,,,,8052,4026,,8056,4028,,,2014,10070,2014,,10075,6045,,4030,,10075,6045,,,,,,2016,8064,,
DELTON,14063,20090,,10045,4018,20090,20090,2009,12060,20100,2010,10050,4020,18090,22110,2010,18099,22121,,2011,2011,20110,20110,8044,18108,20120,,8048,4024,22132,16096,,18117,24156,,6039,6039,22143,18117,4026,16112,14098,,14098,2014,22154,22154,2014,18135,20150,,10075,6045,22165,20150,6045,10080,10080,,2016,,12096,8064,
DELWOOD,14063,22099,,6027,2009,22099,20090,6027,18090,18090,,8040,,22110,16080,2010,18099,16088,,8044,4022,24132,20110,2011,18108,22132,,4024,8048,18108,18108,,10065,20130,,10065,4026,20130,18117,2013,18126,20140,,4028,2014,22154,10070,2014,14105,22165,,6045,,24180,18135,6045,6048,12096,,2016,2016,12096,8064,
DESROCHERS AREA,,,,,,,4018,,2010,,,,,,,,,,,,,,2011,,,,,,,,,,,,,,,,,,,,,,,,,,,,,,,,2015,,,,,,,,,
DOMINION INDUSTRIAL,,20090,,,,14063,14063,6027,2010,14070,,,,14070,2010,4020,,18099,,,,12066,10055,2011,2012,18108,,,,14084,10060,4024,4026,18117,,,,14091,12078,2013,4028,16112,,,,20140,8056,6042,2015,14105,,,,12090,12090,8060,2016,6048,,,,8064,6048,2016
DONSDALE,2009,2009,,,,8036,4018,2009,2010,4020,,,,6030,2010,,,2011,,2011,,2011,,,,4024,,,,6036,,,,2013,,,,4026,,,,4028,,,,2014,2014,,,4030,,,,4030,4030,,,2016,,,,4032,,
DOVERCOURT,4018,20090,,6027,,24108,8036,,2010,22110,,2010,2010,16080,10050,,8044,10055,,2011,,14077,14077,2011,8048,18108,,2012,,14084,10060,2012,8052,12078,,4026,,20130,16104,,4028,14098,,2014,,20140,22154,,12090,14105,,2015,,22165,14105,2015,4032,6048,,,4032,10080,8064,
DOWNTOWN,24108,24108,4018,24108,20090,24108,24108,18081,24120,24120,6030,24120,24120,24120,24120,16080,24132,24132,2011,24132,16088,24132,24132,18099,24144,24144,2012,24144,24144,24144,24144,10060,24156,24156,,24156,24156,24156,24156,6039,24168,24168,4028,24168,18126,24168,24168,12084,24180,24180,,24180,22165,24180,24180,14105,12096,12096,2016,12096,8064,12096,12096,8064
DUGGAN,10045,24108,,8036,2009,24108,16072,,14070,16080,,8040,6030,18090,12060,,16088,14077,,,2011,18099,12066,2011,22132,18108,,6036,8048,18108,14084,4024,10065,18117,,2013,2013,14091,16104,,8056,18126,,4028,2014,14098,12084,,12090,18135,,8060,6045,20150,12090,,10080,12096,,6048,,10080,6048,2016
DUNLUCE,24108,24108,,16072,6027,24108,24108,4018,22110,24120,,10050,8040,24120,24120,,24132,18099,,6033,8044,20110,22121,6033,24144,18108,,8048,10060,24144,24144,2012,24156,18117,,14091,4026,22143,24156,2013,22154,18126,,8056,16112,22154,18126,,24180,24180,,4030,10075,24180,18135,,12096,10080,,8064,2016,12096,10080,
EASTGATE BUSINESS PARK,4018,24108,,,2009,14063,6027,,6030,20100,,,2010,14070,10050,6030,4022,6033,,4022,2011,12066,4022,2011,8048,18108,,2012,,14084,6036,8048,6039,12078,,,2013,16104,8052,4026,8056,6042,,,4028,8056,8056,2014,4030,16120,,,,14105,8060,,4032,2016,,,,12096,,2016
EASTWOOD,24108,24108,4018,24108,12054,24108,24108,2009,24120,24120,,22110,12060,22110,24120,,24132,24132,2011,18099,10055,24132,22121,6033,24144,24144,,22132,10060,22132,22132,4024,24156,24156,,24156,12078,24156,24156,6039,24168,24168,,24168,14098,24168,24168,2014,24180,24180,,20150,20150,24180,24180,2015,12096,12096,2016,12096,2016,12096,12096,6048
EAUX CLAIRES,12054,14063,,6027,,20090,14063,2009,14070,20100,,4020,2010,16080,8040,8040,12066,6033,,6033,,14077,12066,2011,18108,10060,,6036,8048,16096,14084,2012,18117,14091,,4026,2013,22143,12078,2013,12084,18126,,10070,2014,20140,14098,,22165,22165,,16120,,18135,14105,6045,6048,8064,,6048,6048,12096,10080,2016
EBBERS,,,,,,2009,,,,,,,,,,,,2011,,,,,2011,,2012,,,,,,,,,,,,,,,,,,,,,,,,,4030,,2015,,,2015,,,2016,,,,2016,2016,
EDMISTON INDUSTRIAL,,10045,,,,6027,6027,,,12060,,,,12060,4020,,2011,10055,,,,4022,6033,,2012,16096,,,,2012,4024,4024,6039,8052,,2013,,6039,8052,2013,2014,8056,,,2014,6042,8056,4028,4030,6045,,,,8060,4030,2015,,2016,,,,6048,4032,2016
EDMONTON MUNICIPAL AIRPORT,24108,18081,,4018,4018,24108,18081,,12060,12060,,,2010,22110,20100,8040,16088,16088,,,,22121,20110,,4024,8048,,2012,2012,20120,16096,2012,12078,8052,,,2013,24156,14091,6039,14098,8056,,,8056,20140,12084,4028,18135,16120,,2015,,16120,16120,2015,6048,4032,,2016,,10080,2016,
EDMONTON NORTHLANDS,24108,8036,,14063,4018,24108,16072,6027,22110,6030,,10050,2010,12060,14070,2010,20110,2011,,10055,2011,16088,4022,,20120,2012,,12072,4024,14084,4024,4024,22143,,,12078,6039,12078,6039,2013,24168,,,10070,2014,18126,10070,,20150,4030,,10075,2015,10075,6045,4030,12096,,,10080,,8064,4032,
EDMONTON RESEARCH AND DEVELOPMENT PARK,2009,4018,,,,2009,6027,2009,2010,,,,,,,,,2011,,,2011,2011,,,,2012,,,,2012,,,2013,,,,,4026,,,,2014,,,,,,,,,,,,2015,,,,,,,,,,
EKOTA,10045,16072,,2009,4018,16072,14063,,18090,12060,,2010,2010,18090,12060,,14077,12066,,2011,2011,18099,8044,,14084,6036,,2012,8048,14084,12072,,14091,8052,2013,,4026,14091,18117,2013,14098,12084,,2014,2014,16112,10070,,8060,14105,,4030,2015,18135,12090,,2016,6048,,,,10080,2016,
ELLERSLIE,16072,16072,,,,18081,16072,4018,18090,12060,,2010,,24120,16080,4020,6033,14077,,2011,6033,18099,18099,,8048,18108,,2012,,20120,20120,,14091,12078,,2013,6039,18117,16104,,10070,10070,,4028,,24168,12084,,8060,18135,,2015,,16120,18135,2015,4032,8064,,2016,2016,12096,6048,
ELLERSLIE INDUSTRIAL,,20090,,4018,,16072,10045,2009,4020,18090,,,,16080,12060,6030,12066,12066,,,,16088,8044,4022,6036,8048,,2012,,20120,14084,4024,22143,8052,,4026,,20130,16104,2013,16112,12084,,2014,,18126,14098,4028,10075,16120,,8060,,18135,16120,2015,4032,10080,,2016,,12096,8064,
ELMWOOD,14063,18081,2009,2009,6027,20090,14063,,8040,10050,,2010,2010,14070,6030,,4022,16088,,2011,,14077,14077,,12072,10060,,2012,2012,14084,8048,,8052,16104,,,,14091,4026,,10070,12084,,,2014,6042,10070,2014,12090,10075,,2015,,10075,14105,,2016,8064,,,,10080,6048,4032
ELMWOOD PARK,18081,10045,,4018,6027,22099,16072,,22110,14070,,6030,6030,14070,22110,,14077,10055,,2011,,18099,14077,,22132,12072,,4024,2012,18108,12072,,22143,12078,,,4026,20130,14091,,22154,12084,,6042,6042,20140,8056,,22165,14105,,4030,4030,24180,20150,2015,12096,8064,,,4032,12096,12096,
ELSINORE,,8036,,2009,,12054,8036,,6030,10050,,,,12060,6030,,6033,4022,,,,14077,4022,2011,4024,8048,,2012,,4024,6036,,6039,4026,,,,8052,2013,,8056,6042,,,,14098,2014,2014,4030,10075,,4030,,12090,6045,2015,,2016,,,,10080,2016,
EMPIRE PARK,22099,24108,,12054,8036,24108,24108,10045,24120,20100,,16080,12060,24120,24120,2010,24132,20110,,16088,12066,24132,22121,,24144,20120,,14084,6036,24144,22132,8048,24156,6039,,12078,12078,24156,22143,6039,22154,20140,,10070,10070,24168,20140,4028,24180,22165,,18135,8060,24180,20150,4030,12096,12096,,8064,10080,12096,12096,6048
ERMINESKIN,16072,18081,,8036,6027,24108,16072,6027,16080,16080,,10050,2010,24120,20100,,20110,18099,,8044,6033,20110,16088,,16096,18108,,4024,2012,24144,18108,4024,12078,18117,,6039,2013,18117,22143,,20140,20140,2014,8056,6042,22154,14098,,24180,16120,,8060,4030,24180,20150,4030,6048,8064,,4032,4032,12096,8064,
EVANSDALE,22099,20090,,18081,8036,24108,24108,,20100,22110,,10050,2010,20100,18090,,20110,18099,,8044,4022,22121,24132,2011,24144,22132,,4024,10060,22132,16096,,22143,16104,,4026,12078,24156,24156,6039,20140,20140,,10070,12084,24168,24168,4028,20150,22165,,6045,8060,24180,20150,4030,10080,10080,,6048,4032,12096,12096,
EVERGREEN,14063,10045,,,2009,10045,10045,,14070,2010,,2010,4020,12060,6030,,4022,6033,,,2011,4022,6033,2011,12072,8048,,2012,6036,8048,8048,2012,6039,4026,,,2013,14091,8052,,10070,12084,,2014,4028,8056,6042,,16120,12090,,,2015,2015,4030,,6048,,,,,4032,,
FALCONER HEIGHTS,2009,10045,,,,16072,8036,,6030,6030,,,,10050,2010,,2011,2011,,2011,,8044,,2011,6036,8048,2012,2012,,2012,2012,2012,4026,8052,,,2013,6039,,2013,2014,,,,,4028,4028,,,14105,,,2015,6045,4030,,,2016,,,,4032,2016,
FOREST HEIGHTS,12054,20090,,8036,6027,24108,24108,2009,18090,20100,,10050,2010,24120,20100,,24132,22121,,12066,10055,24132,16088,2011,20120,20120,,8048,4024,22132,16096,2012,18117,20130,,4026,6039,20130,16104,2013,18126,20140,,8056,4028,24168,16112,2014,20150,22165,,8060,8060,20150,18135,4030,10080,12096,,4032,2016,12096,12096,
FRASER,18081,12054,,,,20090,16072,,16080,12060,,4020,2010,20100,14070,2010,22121,6033,,,4022,20110,8044,,14084,8048,,2012,2012,18108,14084,4024,10065,10065,,,2013,16104,8052,2013,10070,12084,,,2014,18126,14098,,14105,20150,,2015,,24180,18135,4030,8064,8064,,,,12096,10080,2016
FULTON PLACE,12054,12054,,2009,,14063,10045,,8040,8040,,,,24120,6030,,6033,10055,,,,12066,6033,,8048,10060,,4024,,16096,4024,,6039,8052,,2013,2013,10065,12078,,8056,14098,,2014,2014,16112,6042,,6045,16120,,,,14105,16120,,6048,6048,,,,10080,6048,
GAGNON ESTATE INDUSTRIAL,6027,2009,,4018,4018,24108,16072,4018,8040,2010,,2010,,22110,10050,2010,10055,8044,2011,2011,,14077,16088,2011,12072,4024,,2012,,20120,12072,4024,16104,4026,,,2013,18117,22143,4026,10070,8056,,6042,6042,22154,8056,8056,16120,6045,,10075,4030,24180,20150,,8064,6048,,,,12096,6048,
GAINER INDUSTRIAL,,12054,,2009,,10045,2009,2009,4020,14070,,,,2010,8040,,2011,10055,,2011,,8044,,2011,4024,6036,,,,10060,10060,,2013,12078,,,,6039,2013,2013,2014,10070,,,,8056,6042,,2015,10075,,,,12090,10075,2015,2016,6048,,,,2016,,
GARIEPY,2009,12054,,,2009,18081,12054,,,4020,,,,10050,2010,,2011,4022,,4022,,10055,6033,,2012,2012,,,2012,14084,2012,,4026,6039,2013,,,14091,4026,,2014,6042,,2014,,10070,2014,,2015,14105,,,,22165,10075,,,10080,,,2016,8064,6048,
GARNEAU,24108,22099,,12054,2009,24108,22099,2009,24120,24120,,16080,10050,24120,20100,2010,24132,24132,,12066,6033,24132,20110,4022,24144,22132,,18108,8048,24144,20120,6036,20130,20130,,14091,10065,22143,22143,4026,22154,24168,,18126,6042,24168,22154,2014,24180,24180,,16120,10075,24180,24180,2015,12096,12096,,8064,2016,12096,8064,2016
GARSIDE INDUSTRIAL,6027,10045,,,,10045,8036,,6030,8040,,,,16080,8040,2010,2011,14077,,2011,,10055,8044,2011,,12072,,4024,,8048,6036,,,12078,,,,16104,8052,,,14098,,,,8056,14098,8056,4030,14105,,,,14105,4030,,2016,6048,,,,8064,6048,2016
GIRARD INDUSTRIAL,6027,10045,,2009,,24108,16072,4018,10050,12060,,,,22110,12060,4020,10055,12066,,4022,,18099,12066,,8048,6036,,,,18108,6036,2012,8052,6039,,,,20130,14091,2013,14098,12084,,4028,,20140,12084,,6045,6045,,,,18135,14105,4030,8064,2016,,6048,2016,10080,4032,
GLASTONBURY,12054,20090,,2009,2009,24108,16072,,8040,18090,,4020,4020,24120,14070,,12066,14077,,6033,2011,16088,8044,2011,12072,20120,,2012,2012,16096,6036,,14091,12078,,2013,6039,16104,4026,2013,12084,16112,,2014,4028,22154,14098,,20150,20150,,12090,2015,20150,16120,2015,10080,12096,,,,10080,2016,
GLENGARRY,24108,24108,,16072,8036,24108,24108,4018,24120,24120,,20100,,24120,22110,2010,20110,24132,,12066,4022,24132,18099,2011,24144,22132,,14084,6036,24144,20120,4024,24156,20130,,8052,2013,22143,24156,,24168,22154,,4028,6042,24168,18126,4028,20150,24180,,14105,8060,24180,20150,6045,10080,8064,,4032,2016,12096,8064,
GLENORA,14063,14063,,2009,2009,24108,12054,4018,12060,20100,,2010,8040,18090,12060,6030,10055,10055,,2011,2011,16088,16088,2011,14084,20120,,2012,2012,16096,18108,,12078,16104,,4026,2013,16104,14091,6039,4028,20140,,,,20140,12084,2014,6045,22165,,4030,,18135,10075,4030,8064,8064,,,4032,12096,10080,
GLENWOOD,24108,24108,,22099,4018,24108,24108,4018,24120,20100,,14070,12060,20100,20100,2010,24132,22121,,18099,14077,22121,18099,4022,24144,24144,,12072,6036,24144,24144,4024,24156,24156,,14091,4026,24156,22143,2013,22154,24168,2014,10070,8056,24168,20140,2014,24180,24180,,10075,6045,24180,20150,2015,12096,12096,,4032,8064,10080,10080,2016
GOLD BAR,18081,8036,,2009,4018,20090,10045,2009,10050,6030,,,2010,14070,10050,,18099,8044,,,4022,14077,2011,,16096,14084,,2012,,16096,8048,,20130,16104,,2013,,22143,10065,,16112,18126,,2014,6042,18126,12084,,10075,18135,,2015,2015,24180,16120,4030,2016,4032,,,,10080,4032,
GORMAN,,4018,,,,6027,6027,,,2010,,,4020,4020,,,2011,6033,,,,6033,4022,6033,,6036,,,,2012,4024,2012,2013,10065,,,,4026,4026,4026,2014,8056,,,,4028,6042,2014,4030,6045,,2015,,6045,4030,,2016,2016,,,,6048,2016,2016
GRANDVIEW HEIGHTS,2009,6027,,2009,,6027,2009,,,8040,,,,4020,2010,,,,,,,2011,4022,,4024,6036,,,,2012,4024,,,2013,,2013,,4026,2013,,,2014,,,,4028,2014,,,8060,,,,12090,6045,,,4032,,,,8064,,
GRANVILLE,,,,,,,,,,,,,,,,,,4022,,,,2011,,2011,,2012,,,,2012,,,,4026,,,,,4026,2013,2014,8056,,,,14098,4028,2014,6045,10075,,,,6045,4030,6045,2016,2016,,,2016,6048,2016,
GREENFIELD,14063,20090,,2009,,16072,14063,,6030,18090,,4020,,18090,4020,2010,4022,16088,,,,18099,2011,,6036,12072,,6036,,18108,6036,,10065,12078,,,2013,6039,10065,,4028,14098,,4028,,16112,6042,,14105,18135,,2015,2015,18135,8060,2015,2016,12096,,4032,2016,12096,6048,
GREENVIEW,8036,14063,,2009,2009,14063,12054,,10050,10050,,,,14070,8040,,14077,8044,,4022,2011,14077,2011,,4024,12072,,2012,2012,14084,8048,,8052,8052,,,,20130,6039,,8056,6042,,6042,2014,12084,8056,,10075,14105,,,,16120,14105,,8064,8064,,,2016,12096,8064,
GRIESBACH,18081,16072,,2009,6027,16072,12054,2009,10050,16080,,2010,2010,14070,12060,2010,8044,20110,,4022,2011,14077,12066,6033,18108,16096,,,2012,16096,14084,2012,16104,24156,,2013,6039,20130,18117,4026,16112,18126,,2014,4028,18126,12084,2014,10075,22165,,6045,6045,18135,8060,2015,12096,12096,,4032,,10080,6048,
GROVENOR,14063,16072,,10045,2009,20090,18081,2009,18090,18090,,10050,2010,20100,6030,2010,16088,20110,,4022,4022,20110,16088,,10060,12072,,2012,,18108,12072,,18117,16104,,,2013,16104,14091,,14098,18126,,2014,6042,18126,14098,2014,16120,18135,,2015,,16120,20150,,8064,12096,,2016,,12096,8064,2016
HADDOW,6027,14063,,2009,2009,18081,6027,2009,,8040,,2010,2010,22110,4020,,,6033,,4022,,10055,4022,,4024,6036,,,6036,10060,6036,,8052,6039,,2013,,12078,4026,,6042,6042,,,2014,10070,10070,,4030,12090,,2015,,10075,8060,,4032,8064,,,,6048,2016,
HAGMANN ESTATE INDUSTRIAL,2009,20090,,2009,,16072,20090,2009,6030,14070,,2010,,16080,16080,4020,,10055,,,2011,14077,10055,,4024,8048,,,,16096,10060,4024,2013,10065,,,2013,14091,14091,4026,8056,8056,,,,14098,8056,6042,2015,20150,,,2015,14105,14105,4030,,4032,,,,10080,8064,
HAIRSINE,20090,14063,,14063,8036,20090,24108,,20100,16080,,10050,2010,20100,8040,,18099,14077,,16088,2011,10055,14077,,10060,10060,,8048,4024,14084,12072,,18117,6039,,2013,4026,18117,10065,,14098,12084,,4028,2014,20140,14098,,12090,6045,,8060,6045,20150,14105,,4032,4032,,,4032,10080,8064,
HAWIN PARK ESTATE INDUSTRIAL,,14063,,,,12054,14063,4018,6030,8040,,,,4020,4020,2010,2011,2011,,2011,,6033,4022,4022,2012,8048,,2012,,10060,4024,2012,4026,14091,,,,12078,6039,2013,4028,10070,2014,,,8056,8056,4028,,10075,,,,12090,2015,8060,,6048,,,,6048,10080,4032
HAWKS RIDGE,,,,,,,,,,,,,,,,,,,,,,,2011,,,,,,,,,2012,,2013,,,,,,,,6042,,,,4028,2014,,,2015,,,,6045,2015,,,2016,,,,,2016,2016
HAZELDEAN,20090,18081,,2009,2009,24108,18081,,8040,16080,,2010,4020,22110,16080,2010,20110,10055,,2011,,22121,16088,,18108,12072,,4024,4024,24144,14084,2012,8052,10065,,4026,12078,20130,10065,2013,10070,24168,,2014,,16112,10070,2014,20150,18135,,2015,2015,18135,14105,,8064,8064,,,2016,10080,10080,
HENDERSON ESTATES,,8036,,,,10045,4018,,2010,2010,,,,8040,,,6033,4022,,,,8044,,,,2012,,,4024,2012,,,2013,2013,,2013,,6039,,,,6042,,,,6042,,,2015,4030,,,,6045,4030,,2016,,,,,4032,2016,2016
HERITAGE VALLEY AREA,,,,,,2009,2009,,,,,,,,,,,2011,,,,,2011,,,2012,,,,,,,,,,,,,,,,,,,,,,,,,,,,,,,,,,,,,,4032
HERITAGE VALLEY TOWN CENTRE AREA,,,,,,,2009,,,,,,,,,,,,,,,,,,,,,,,,,,,2013,,,,,,,,2014,,,,4028,2014,,2015,12090,,,,12090,2015,,,4032,,,,8064,4032,
HIGH PARK,20090,22099,,14063,2009,20090,18081,,22110,20100,,6030,2010,20100,18090,,16088,16088,,10055,6033,22121,16088,,18108,14084,,8048,8048,20120,16096,2012,24156,16104,,10065,10065,22143,22143,,24168,14098,,16112,6042,20140,16112,2014,22165,22165,,8060,12090,18135,18135,6045,8064,8064,,4032,2016,12096,6048,2016
HIGH PARK INDUSTRIAL,8036,8036,,2009,,18081,14063,4018,4020,4020,,2010,,18090,12060,,4022,6033,,2011,,8044,12066,,8048,2012,,2012,2012,14084,8048,2012,6039,4026,,2013,,12078,16104,,4028,6042,,,2014,14098,10070,,6045,12090,,,2015,8060,6045,2015,2016,6048,,,2016,8064,8064,2016
HIGHLANDS,16072,24108,2009,16072,2009,24108,22099,2009,18090,20100,,8040,4020,18090,16080,2010,16088,18099,,4022,,20110,18099,,18108,22132,,8048,2012,22132,14084,,14091,20130,,10065,,24156,14091,,12084,22154,,6042,,18126,20140,,16120,20150,,6045,4030,22165,20150,,10080,12096,,4032,,12096,8064,
HILLVIEW,18081,16072,2009,4018,2009,16072,14063,,14070,14070,,,4020,22110,12060,,20110,8044,,,2011,18099,16088,,12072,14084,,4024,6036,18108,12072,,18117,10065,,,2013,14091,10065,,12084,10070,,4028,2014,20140,10070,,16120,4030,,,4030,18135,8060,,4032,6048,,,2016,10080,6048,
HODGSON,2009,12054,,2009,,4018,8036,,2010,10050,,,,12060,2010,,,6033,,,,10055,6033,2011,,6036,,,,2012,4024,2012,,8052,,2013,2013,6039,4026,,6042,4028,,,,8056,,,4030,14105,,,2015,4030,6045,,2016,4032,,,,8064,6048,
HOLLICK-KENYON,12054,10045,,6027,,20090,12054,,14070,16080,,2010,,16080,14070,,10055,12066,,4022,6033,20110,10055,4022,18108,10060,,2012,2012,16096,10060,,14091,12078,,2013,,20130,14091,2013,16112,14098,,2014,,20140,14098,2014,16120,16120,,,2015,22165,10075,,8064,8064,,2016,2016,12096,8064,2016
HOLYROOD,10045,20090,,4018,2009,22099,14063,,14070,16080,,2010,,20100,14070,,12066,18099,,,2011,20110,10055,,14084,10060,,2012,,16096,8048,2012,18117,20130,,,4026,18117,10065,,10070,18126,,2014,2014,24168,12084,4028,16120,20150,,2015,4030,22165,14105,4030,4032,10080,,2016,4032,12096,8064,
HOMESTEADER,24108,24108,,10045,6027,24108,22099,2009,18090,18090,,10050,2010,20100,18090,,20110,20110,2011,8044,2011,20110,14077,2011,22132,18108,,6036,4024,14084,12072,2012,24156,12078,,2013,2013,18117,20130,,22154,12084,,2014,4028,22154,16112,,22165,20150,,10075,8060,18135,18135,2015,12096,10080,,2016,4032,12096,10080,4032
HUDSON,4018,6027,,,,20090,12054,,4020,8040,,2010,2010,16080,12060,,2011,4022,,,,6033,4022,,2012,4024,,,,4024,4024,,2013,2013,,,,16104,10065,,6042,4028,,2014,2014,12084,6042,2014,,8060,,,,10075,10075,,4032,8064,,,,6048,6048,
HUFF BREMNER ESTATE INDUSTRIAL,2009,24108,,2009,,24108,16072,2009,4020,18090,,2010,2010,22110,18090,4020,4022,10055,,,,14077,6033,10055,6036,14084,,4024,2012,18108,18108,6036,2013,14091,,2013,,10065,6039,,6042,10070,,,,10070,6042,6042,8060,16120,,2015,,12090,8060,2015,4032,12096,,,,8064,6048,
IDYLWYLDE,18081,16072,,6027,2009,22099,18081,,12060,16080,,4020,,20100,14070,,10055,10055,,6033,4022,18099,8044,,10060,18108,,4024,10060,14084,6036,,14091,10065,,2013,2013,16104,10065,2013,6042,16112,,4028,4028,20140,14098,,12090,14105,,2015,,20150,10075,2015,4032,8064,,,,10080,8064,
INDUSTRIAL HEIGHTS,4018,16072,,,,10045,18081,6027,4020,16080,,,,8040,6030,2010,8044,16088,,,,8044,10055,4022,4024,8048,,,,10060,6036,4024,6039,10065,,2013,,8052,16104,10065,4028,10070,,,,10070,16112,,4030,12090,,,,12090,16120,2015,4032,4032,,,,8064,4032,2016
INGLEWOOD,24108,24108,,14063,14063,24108,22099,4018,24120,24120,2010,18090,12060,24120,24120,6030,24132,24132,2011,16088,12066,24132,22121,,24144,24144,,14084,10060,24144,20120,4024,24156,22143,2013,16104,12078,24156,24156,,24168,22154,,18126,10070,24168,24168,8056,24180,22165,,18135,14105,24180,24180,2015,12096,12096,4032,12096,8064,12096,12096,2016
JACKSON HEIGHTS,10045,8036,,6027,4018,18081,8036,,10050,4020,2010,,2010,12060,10050,2010,12066,8044,,2011,,10055,10055,,8048,8048,,,4024,8048,8048,2012,8052,4026,,4026,,12078,6039,,8056,8056,,2014,4028,12084,4028,2014,14105,18135,,,2015,12090,10075,,10080,8064,,4032,,8064,6048,
JAMIESON PLACE,6027,18081,,2009,,18081,14063,,2010,16080,,2010,2010,12060,6030,4020,14077,6033,,2011,2011,12066,4022,,2012,2012,,2012,2012,20120,6036,2012,2013,12078,,2013,2013,14091,4026,2013,6042,12084,,4028,,6042,10070,,12090,14105,,6045,4030,18135,6045,,,8064,,,,6048,2016,2016
JASPER PARK,16072,18081,,8036,,20090,14063,2009,16080,22110,,6030,4020,16080,10050,,18099,16088,,8044,2011,20110,16088,,14084,18108,,2012,2012,18108,10060,,20130,16104,,10065,2013,22143,14091,,12084,14098,2014,6042,2014,18126,14098,,12090,12090,,2015,4030,16120,10075,,10080,8064,,6048,2016,10080,8064,
KAMEYOSEK,20090,14063,,8036,2009,14063,12054,2009,20100,14070,,,4020,8040,12060,4020,14077,14077,,8044,2011,20110,10055,,18108,6036,,2012,6036,20120,16096,,16104,12078,,,4026,20130,8052,,22154,12084,,6042,2014,14098,14098,2014,12090,18135,,8060,4030,16120,16120,,6048,4032,,6048,,10080,6048,
KEHEEWIN,18081,16072,,12054,2009,24108,16072,6027,18090,20100,,4020,,22110,16080,4020,18099,14077,,14077,2011,14077,12066,2011,18108,16096,,6036,6036,20120,12072,2012,10065,16104,,4026,,20130,12078,,14098,14098,,4028,,20140,16112,2014,18135,12090,,12090,2015,16120,12090,2015,8064,10080,,8064,,10080,10080,4032
KENILWORTH,16072,24108,,4018,2009,22099,16072,2009,14070,16080,,2010,4020,18090,20100,2010,12066,14077,,,2011,20110,16088,6033,12072,18108,,,6036,20120,6036,2012,16104,12078,,8052,2013,18117,16104,2013,10070,16112,,2014,,20140,16112,4028,14105,18135,,2015,4030,22165,16120,,6048,8064,,,4032,12096,10080,
KENNEDALE INDUSTRIAL,18081,18081,,6027,,22099,24108,2009,16080,14070,,8040,4020,20100,20100,,20110,18099,,6033,,24132,24132,2011,18108,18108,,12072,2012,20120,22132,6036,14091,12078,,,2013,20130,16104,4026,10070,16112,,2014,4028,24168,22154,4028,18135,20150,,2015,2015,22165,22165,8060,10080,6048,,,,12096,12096,
KENSINGTON,16072,22099,,12054,2009,24108,20090,2009,10050,22110,,8040,6030,22110,22110,,20110,20110,,8044,6033,18099,18099,,18108,20120,,,,22132,16096,2012,20130,20130,,2013,4026,24156,18117,,22154,20140,,4028,8056,22154,16112,,14105,18135,,8060,2015,24180,18135,2015,10080,12096,2016,,2016,12096,8064,
KERNOHAN,20090,16072,,8036,4018,20090,18081,,8040,14070,,2010,2010,16080,12060,,8044,8044,,2011,2011,16088,12066,,14084,14084,,,2012,20120,12072,,16104,6039,,2013,4026,12078,4026,,16112,12084,,4028,2014,16112,8056,,6045,14105,,,2015,16120,16120,,10080,6048,,,,12096,10080,2016
KILDARE,24108,16072,,14063,8036,24108,16072,6027,18090,16080,,10050,6030,22110,14070,2010,24132,20110,,6033,2011,22121,18099,6033,22132,20120,,10060,8048,22132,18108,2012,24156,16104,2013,10065,6039,22143,16104,4026,22154,20140,,8056,4028,22154,12084,8056,22165,18135,,8060,4030,22165,24180,2015,10080,10080,,4032,2016,10080,8064,6048
KILKENNY,24108,24108,4018,14063,8036,24108,22099,4018,24120,22110,,14070,8040,24120,18090,2010,24132,20110,,16088,4022,22121,20110,,24144,14084,,10060,16096,24144,20120,2012,24156,22143,,20130,,24156,24156,4026,20140,20140,,6042,6042,22154,20140,,22165,20150,2015,4030,8060,22165,20150,2015,12096,12096,,6048,6048,12096,12096,
KILLARNEY,24108,24108,2009,8036,8036,22099,18081,,24120,24120,,6030,4020,24120,22110,,22121,24132,,12066,8044,22121,22121,,22132,24144,,14084,12072,22132,22132,2012,24156,20130,,14091,12078,24156,24156,4026,22154,20140,2014,10070,10070,24168,18126,,22165,24180,,14105,6045,24180,22165,6045,10080,12096,,4032,4032,12096,12096,4032
KING EDWARD PARK,22099,24108,,6027,4018,24108,22099,2009,24120,18090,,2010,2010,24120,20100,2010,16088,16088,,4022,4022,20110,20110,2011,24144,20120,,,6036,22132,16096,4024,24156,20130,,12078,6039,24156,16104,2013,22154,22154,,8056,10070,24168,20140,2014,22165,24180,,6045,10075,24180,22165,6045,12096,10080,,4032,2016,12096,12096,
KINISKI GARDENS,16072,8036,,2009,2009,24108,14063,,22110,12060,,6030,10050,22110,16080,4020,16088,16088,,,6033,24132,18099,,18108,14084,,6036,8048,24144,14084,2012,18117,6039,,2013,4026,24156,18117,,18126,14098,,4028,8056,22154,14098,,20150,22165,,8060,2015,24180,20150,4030,6048,10080,,2016,2016,10080,10080,
KINOKAMAU PLAINS AREA,4018,16072,,,2009,2009,12054,,,12060,,,2010,6030,10050,2010,2011,10055,,,,8044,6033,,4024,14084,,,,6036,,2012,2013,6039,,,,4026,8052,2013,4028,2014,2014,,,4028,4028,4028,,12090,,,,10075,6045,6045,,4032,,,,,,
KIRKNESS,20090,16072,,4018,6027,18081,20090,2009,18090,18090,2010,4020,2010,18090,20100,,16088,8044,2011,6033,4022,20110,8044,2011,20120,18108,,2012,4024,18108,8048,,18117,10065,,4026,,16104,12078,4026,20140,8056,,,6042,14098,12084,2014,12090,10075,,4030,2015,20150,20150,,10080,6048,,,2016,10080,10080,2016
KLARVATTEN,12054,16072,,2009,2009,20090,14063,,6030,12060,,2010,2010,16080,8040,4020,6033,10055,,,2011,14077,6033,,4024,14084,,2012,6036,14084,8048,2012,8052,14091,,4026,2013,22143,10065,2013,6042,20140,,2014,,14098,8056,,10075,14105,,,4030,24180,6045,2015,4032,4032,,,2016,12096,8064,
LA PERLE,22099,16072,,6027,4018,24108,20090,,18090,18090,,6030,8040,24120,24120,2010,20110,14077,,4022,6033,18099,18099,,18108,12072,,6036,8048,20120,14084,2012,22143,14091,,2013,6039,20130,14091,,22154,12084,,,6042,20140,12084,,20150,20150,,2015,4030,22165,12090,2015,10080,8064,,2016,2016,12096,12096,2016
LAGO LINDO,12054,14063,,,,24108,16072,2009,10050,16080,2010,2010,2010,22110,10050,,10055,8044,,2011,2011,12066,4022,2011,16096,12072,,2012,6036,22132,4024,4024,8052,10065,,2013,2013,20130,14091,,4028,10070,,4028,6042,16112,12084,,8060,8060,,2015,2015,20150,10075,2015,4032,10080,,,,12096,8064,
LAMBTON INDUSTRIAL,2009,10045,,2009,,8036,12054,2009,,8040,,,,4020,12060,,4022,10055,,2011,,10055,2011,,4024,,,,,6036,6036,,2013,2013,,2013,2013,8052,4026,,4028,4028,,,,4028,10070,,,4030,,,,10075,6045,,,,,,,4032,4032,2016
LANSDOWNE,6027,16072,,2009,,12054,8036,,4020,6030,,4020,,6030,4020,,4022,6033,,2011,2011,8044,2011,,4024,6036,,4024,2012,4024,8048,,,4026,,,,6039,2013,2013,2014,10070,,,,12084,4028,,2015,6045,,2015,2015,12090,10075,,2016,6048,,,,6048,4032,
LARKSPUR,14063,12054,,6027,6027,24108,14063,,16080,16080,,4020,2010,22110,12060,4020,18099,16088,,8044,,16088,10055,2011,18108,14084,,2012,6036,20120,12072,,14091,8052,2013,6039,2013,16104,14091,,16112,16112,,8056,4028,22154,18126,6042,16120,24180,,4030,4030,22165,12090,2015,8064,8064,,,2016,12096,12096,
LAUDERDALE,20090,22099,,8036,4018,24108,22099,4018,20100,22110,,8040,2010,24120,24120,2010,22121,20110,,8044,4022,24132,22121,,22132,16096,,2012,6036,24144,24144,,16104,16104,,10065,2013,24156,18117,2013,22154,22154,,6042,6042,20140,20140,,22165,20150,,8060,4030,24180,22165,,12096,10080,,,,12096,12096,2016
LAUREL,,10045,,,,2009,2009,2009,,10050,,,,6030,6030,,2011,10055,,,2011,2011,6033,2011,8048,14084,,,,10060,8048,2012,4026,12078,,2013,,10065,6039,2013,8056,10070,,,,8056,10070,2014,14105,20150,,,6045,14105,14105,8060,10080,8064,,2016,,12096,12096,6048
LAURIER HEIGHTS,8036,14063,,,,18081,8036,,6030,10050,,2010,,18090,10050,,4022,10055,,2011,,8044,10055,,4024,8048,,,,10060,6036,2012,,8052,,,2013,8052,4026,2013,4028,16112,,2014,2014,18126,8056,,6045,14105,,,,14105,2015,4030,2016,10080,,2016,,10080,,
LEE RIDGE,16072,18081,2009,10045,2009,20090,8036,,14070,14070,,6030,6030,16080,12060,4020,14077,6033,,4022,8044,10055,8044,,20120,10060,,8048,4024,16096,14084,,16104,16104,,10065,4026,18117,16104,,14098,10070,,8056,4028,12084,10070,2014,12090,10075,,,2015,14105,10075,,10080,4032,,2016,4032,6048,8064,
LEGER,2009,10045,,2009,,12054,,,6030,2010,,2010,,4020,,,2011,4022,,4022,,20110,8044,2011,12072,4024,,2012,2012,12072,2012,,6039,8052,,2013,6039,14091,8052,4026,4028,2014,,2014,6042,12084,4028,,14105,10075,,,4030,14105,4030,4030,4032,6048,,,4032,8064,4032,
LENDRUM PLACE,16072,14063,,4018,,18081,12054,,6030,12060,,2010,2010,14070,4020,,4022,8044,,2011,2011,8044,4022,,8048,8048,,4024,2012,14084,6036,,8052,14091,,2013,,8052,6039,,8056,18126,,,2014,14098,4028,2014,8060,16120,,2015,2015,18135,12090,,2016,10080,,,,12096,4032,2016
LEWIS FARMS INDUSTRIAL,2009,2009,,,,6027,6027,,2010,4020,,,2010,2010,2010,2010,6033,2011,,,2011,2011,2011,,2012,2012,,,,,,,4026,2013,,,,2013,2013,,4028,8056,,,2014,4028,2014,,2015,10075,,,,4030,12090,2015,,4032,,2016,,2016,4032,2016
LORELEI,20090,18081,,6027,4018,22099,12054,2009,18090,22110,2010,4020,4020,22110,20100,,16088,4022,,2011,4022,18099,14077,2011,12072,20120,,4024,,18108,16096,2012,18117,18117,,6039,2013,18117,18117,,12084,10070,,4028,,18126,18126,,16120,22165,,2015,2015,18135,24180,,8064,8064,,,2016,12096,8064,
LYMBURN,22099,20090,,4018,6027,20090,22099,,24120,16080,,4020,4020,22110,16080,,20110,12066,,6033,2011,22121,16088,,18108,8048,,6036,4024,24144,12072,,16104,16104,,,6039,24156,10065,2013,16112,12084,,4028,2014,22154,14098,,20150,20150,,4030,2015,22165,16120,,12096,8064,,2016,2016,10080,12096,
LYNNWOOD,16072,22099,,6027,2009,22099,20090,,14070,14070,,6030,2010,24120,18090,2010,14077,10055,,4022,6033,20110,20110,,10060,14084,,2012,8048,16096,16096,2012,6039,12078,,4026,8052,22143,12078,,16112,16112,,2014,2014,24168,12084,,12090,14105,,2015,2015,18135,20150,4030,6048,8064,,,2016,12096,10080,2016
MACEWAN,16072,18081,2009,6027,,24108,18081,,12060,16080,,4020,2010,24120,2010,6030,8044,20110,,8044,,22121,10055,,18108,12072,,2012,2012,22132,8048,2012,4026,14091,,6039,2013,16104,14091,,8056,22154,,4028,2014,16112,10070,,10075,18135,,4030,,22165,8060,,4032,8064,,2016,2016,12096,8064,
MACTAGGART,,10045,,,,4018,,2009,2010,8040,,,,4020,2010,,,2011,,2011,,8044,2011,2011,2012,4024,,,,6036,2012,4024,4026,10065,,,2013,2013,,2013,4028,14098,,,,8056,8056,,2015,8060,,,2015,10075,2015,2015,2016,8064,,2016,,4032,4032,
MAGRATH HEIGHTS,,12054,,,,12054,8036,8036,4020,12060,,,,10050,2010,,2011,12066,2011,4022,2011,8044,,,2012,6036,,,2012,12072,4024,,4026,4026,,,,10065,2013,2013,4028,6042,,2014,,10070,4028,,6045,8060,,,4030,16120,4030,2015,4032,4032,,2016,,6048,2016,
MALMO PLAINS,8036,16072,,,,12054,12054,,14070,10050,,,,14070,6030,2010,14077,12066,,2011,2011,20110,4022,,8048,14084,,4024,,18108,2012,,2013,10065,,,2013,8052,8052,,8056,18126,,,2014,22154,8056,,6045,16120,,,,18135,6045,,4032,10080,,,2016,12096,4032,2016
MAPLE,,,,,,,,,,,,,,,,,,,,,,,,,,,,,,,,,,,,,,2013,,,,2014,,2014,,6042,2014,4028,,8060,,,,6045,2015,,,4032,,,,4032,4032,
MAPLE RIDGE,16072,10045,,,,14063,10045,,14070,6030,,,2010,2010,8040,,10055,8044,,,2011,6033,4022,,16096,10060,,4024,,10060,6036,,20130,10065,,,4026,6039,8052,,6042,8056,,,2014,12084,8056,,10075,10075,,2015,4030,8060,6045,,6048,2016,,,2016,8064,6048,
MAPLE RIDGE INDUSTRIAL,,10045,,,,2009,2009,,2010,8040,,2010,,2010,2010,,,6033,,,,4022,4022,,,4024,,,,4024,6036,,,10065,,,,2013,4026,2013,,8056,,,,2014,,,4030,12090,,,,6045,8060,2015,,4032,,,,4032,2016,
MATT BERRY,14063,12054,,8036,4018,12054,12054,,10050,4020,,4020,,20100,10050,2010,8044,14077,,2011,,10055,14077,2011,10060,16096,,,,14084,8048,,8052,10065,,2013,2013,16104,12078,2013,4028,,,2014,4028,16112,8056,,4030,6045,,,,14105,8060,,2016,10080,,2016,2016,12096,10080,
MAYFIELD,12054,18081,,,2009,22099,16072,,14070,14070,,,,14070,16080,,8044,8044,,2011,6033,14077,8044,,4024,12072,,2012,,14084,10060,2012,14091,18117,,2013,2013,16104,14091,,14098,16112,,2014,2014,10070,12084,,10075,18135,,8060,2015,20150,18135,2015,6048,10080,,,,8064,10080,
MAYLIEWAN,12054,10045,2009,2009,,12054,12054,,10050,6030,,4020,2010,14070,2010,,8044,8044,,4022,,16088,6033,,8048,10060,,,2012,12072,4024,2012,6039,8052,,2013,2013,20130,10065,,8056,12084,,4028,,12084,10070,,4030,16120,,2015,,18135,14105,,4032,8064,,2016,2016,10080,10080,2016
MCARTHUR INDUSTRIAL,4018,16072,,4018,,18081,8036,,2010,10050,,,,14070,12060,,4022,8044,,,2011,14077,,,4024,2012,,2012,,12072,2012,,4026,8052,,,,12078,4026,,4028,8056,,2014,,10070,6042,,2015,6045,,2015,,12090,6045,,2016,8064,,2016,,6048,2016,4032
MCCAULEY,24108,24108,4018,24108,12054,24108,24108,6027,24120,24120,2010,24120,18090,24120,24120,,24132,22121,8044,22121,18099,24132,22121,6033,24144,24144,2012,24144,20120,24144,22132,,24156,24156,2013,24156,20130,22143,22143,2013,24168,22154,2014,24168,18126,24168,24168,4028,24180,22165,,24180,20150,24180,24180,4030,12096,12096,2016,10080,12096,12096,12096,
MCCONACHIE AREA,,4018,,,,,2009,,,8040,,,,8040,2010,2010,,6033,,,,2011,2011,,4024,8048,,,,6036,,2012,2013,10065,,,,18117,14091,2013,6042,10070,,,,14098,14098,,12090,16120,,2015,,14105,16120,8060,8064,8064,2016,,2016,10080,8064,2016
MCINTYRE INDUSTRIAL,4018,18081,,2009,2009,12054,10045,8036,14070,22110,2010,6030,2010,10050,10050,2010,14077,16088,,,6033,14077,8044,4022,10060,8048,,,,12072,8048,2012,4026,6039,,,2013,16104,12078,4026,14098,8056,,2014,,10070,14098,,6045,10075,,4030,,10075,8060,2015,2016,8064,,4032,,8064,2016,2016
MCKERNAN,12054,24108,,6027,4018,20090,10045,,8040,22110,,,4020,24120,6030,2010,6033,22121,,4022,2011,18099,14077,,16096,12072,,2012,2012,18108,8048,,8052,22143,,,2013,14091,6039,,12084,24168,,,6042,20140,16112,,12090,20150,,2015,6045,18135,8060,2015,4032,12096,,,2016,10080,4032,2016
MCLEOD,10045,12054,,4018,2009,20090,14063,4018,16080,8040,,,,14070,10050,,16088,10055,,4022,,18099,10055,2011,10060,10060,,,,16096,4024,2012,10065,10065,,4026,,20130,12078,4026,12084,16112,,2014,2014,16112,16112,,14105,4030,,2015,2015,20150,8060,,2016,10080,,,,10080,4032,
MCNAMARA INDUSTRIAL,4018,20090,,2009,,18081,20090,6027,,18090,,2010,2010,14070,10050,6030,6033,14077,,,2011,10055,8044,2011,2012,20120,,,2012,12072,8048,4024,2013,14091,,,,12078,6039,4026,8056,12084,,,,22154,12084,,6045,16120,,,,20150,8060,6045,,8064,,,,10080,4032,
MCQUEEN,18081,20090,,2009,4018,24108,8036,2009,8040,16080,,,4020,16080,14070,,10055,10055,,2011,2011,10055,12066,,10060,6036,,,,22132,10060,2012,12078,18117,,8052,,18117,12078,,12084,20140,,2014,4028,18126,14098,,10075,16120,,,2015,16120,10075,,4032,6048,,,,12096,4032,
MEADOWLARK PARK,10045,24108,,8036,,22099,14063,4018,14070,12060,,4020,2010,20100,16080,,12066,16088,,4022,,20110,14077,,14084,18108,,6036,2012,16096,10060,,12078,12078,,6039,,22143,10065,2013,22154,24168,,6042,8056,24168,8056,2014,16120,18135,,6045,2015,20150,12090,2015,8064,10080,,6048,4032,12096,6048,2016
MEADOWS AREA,,,,,,,,,,2010,,,,,,,,,,,,,,,,,,,,,,,,,,,,,,,,,,,,,,,,,,,2015,,,,,2016,,,,,,
MENISA,12054,16072,,,2009,14063,16072,,8040,12060,,2010,,16080,8040,,6033,16088,,2011,,16088,8044,,10060,8048,,4024,,22132,4024,,12078,8052,,2013,2013,18117,8052,2013,16112,8056,,,2014,14098,8056,2014,10075,10075,,2015,2015,12090,8060,,6048,6048,,4032,4032,10080,6048,2016
MEYOKUMIN,20090,12054,,12054,6027,10045,14063,2009,20100,8040,,6030,2010,16080,14070,4020,16088,12066,,4022,,18099,14077,,14084,16096,,2012,2012,18108,14084,,12078,8052,,,4026,18117,14091,2013,18126,10070,,10070,10070,20140,8056,2014,12090,10075,,10075,6045,14105,14105,,10080,8064,,6048,2016,12096,6048,
MEYONOHK,14063,16072,,2009,4018,20090,12054,2009,14070,16080,,6030,,14070,10050,,10055,10055,,2011,,14077,10055,,16096,12072,,2012,,14084,4024,,12078,6039,,2013,6039,10065,14091,,4028,10070,,,2014,16112,14098,,20150,14105,,4030,,24180,10075,2015,8064,8064,,2016,,12096,8064,
MICHAELS PARK,8036,12054,,,4018,10045,6027,,16080,4020,,,2010,22110,8040,,14077,8044,,4022,,22121,8044,,14084,14084,,2012,4024,24144,8048,2012,16104,12078,,2013,2013,16104,12078,2013,10070,10070,,2014,,16112,6042,2014,10075,14105,,4030,2015,20150,18135,,8064,6048,,2016,,8064,6048,
MILL CREEK RAVINE NORTH,2009,,,4018,,8036,4018,,2010,,,,,6030,,,2011,,,,,2011,,,,,,,2012,2012,,,2013,,,,2013,2013,,,,2014,,,,10070,2014,,4030,,,,4030,,,,,,,,,,,
MILL CREEK RAVINE SOUTH,,2009,,,,14063,,,,,,,,6030,,,2011,2011,,,,4022,,,,2012,,,,,,2012,2013,2013,,,,4026,,,,6042,,,,2014,,,,,,,,2015,,,,,,,,2016,,
MILL WOODS GOLF COURSE,2009,2009,,4018,,2009,2009,,2010,,,,,,,,,,,,,4022,4022,,2012,,,2012,,,,,,,,,,,,,2014,,,,,,,,4030,,,,,,2015,,,,,,,,,
MILL WOODS PARK,8036,2009,,10045,,14063,,,14070,6030,,6030,4020,10050,,,10055,2011,,2011,6033,12066,6033,,18108,2012,,4024,2012,4024,10060,,14091,2013,,,2013,12078,4026,,16112,4028,,2014,2014,8056,4028,,12090,4030,,6045,6045,4030,,,4032,,,2016,8064,4032,2016,
MILL WOODS TOWN CENTRE,24108,18081,,20090,4018,22099,18081,6027,22110,10050,,16080,8040,18090,14070,4020,20110,10055,,16088,4022,10055,20110,,20120,10060,,18108,4024,12072,12072,2012,24156,6039,,14091,10065,24156,18117,2013,24168,12084,,14098,6042,16112,16112,6042,24180,14105,,10075,4030,18135,20150,6045,12096,4032,,8064,4032,10080,6048,2016
MILLER,18081,10045,,,2009,16072,10045,,20100,16080,,2010,2010,10050,6030,,16088,18099,,2011,,12066,12066,2011,18108,10060,,2012,6036,12072,8048,2012,20130,12078,,2013,4026,20130,14091,,16112,18126,,2014,,12084,8056,2014,16120,10075,,,6045,20150,14105,2015,6048,6048,,,,12096,6048,2016
MINCHAU,18081,10045,,4018,,22099,20090,,16080,8040,,8040,4020,20100,12060,2010,6033,12066,,2011,2011,16088,10055,,10060,14084,,6036,6036,20120,16096,,10065,6039,,4026,4026,22143,8052,,16112,8056,,,,10070,12084,,8060,8060,,,,16120,16120,,4032,4032,,,,12096,8064,
MISTATIM INDUSTRIAL,10045,20090,,,,22099,22099,4018,6030,24120,,,,24120,18090,4020,2011,20110,2011,,,16088,20110,6033,4024,22132,,,,22132,12072,12072,6039,14091,,4026,,22143,16104,6039,2014,20140,,2014,,22154,22154,8056,2015,20150,,,,20150,16120,8060,4032,10080,,2016,2016,12096,8064,4032
MITCHELL INDUSTRIAL,,8036,,,,4018,4018,,2010,2010,,,,12060,4020,,,8044,,,,6033,4022,2011,2012,14084,,,2012,6036,4024,,6039,10065,,,,12078,8052,,4028,8056,,2014,,10070,8056,2014,4030,12090,,2015,,6045,6045,4030,2016,2016,,,,8064,2016,4032
MONTROSE,22099,22099,,14063,8036,24108,24108,6027,24120,20100,,12060,10050,24120,24120,2010,24132,24132,,18099,14077,22121,22121,6033,24144,22132,,18108,12072,24144,20120,,24156,16104,,14091,8052,22143,24156,,24168,24168,,14098,6042,24168,24168,4028,24180,22165,2015,18135,10075,24180,22165,,12096,12096,,8064,4032,12096,12096,
MORIN INDUSTRIAL,4018,14063,,2009,,18081,20090,2009,8040,12060,,2010,2010,16080,14070,,4022,8044,,,,18099,16088,,4024,8048,,2012,2012,22132,20120,,4026,16104,,,,18117,18117,2013,8056,12084,,,,20140,20140,2014,6045,14105,,2015,,14105,16120,,2016,6048,,,,6048,4032,2016
MORRIS INDUSTRIAL,2009,8036,,,,8036,10045,4018,,12060,,,,10050,4020,,,8044,,,,8044,4022,2011,,12072,,,,4024,2012,,4026,18117,,,,8052,4026,,,4028,,,,6042,2014,2014,,10075,,,,4030,6045,,,4032,,,,6048,4032,
NEWTON,20090,18081,,8036,2009,22099,16072,,14070,18090,,6030,4020,16080,20100,,18099,16088,,2011,4022,20110,12066,,20120,22132,,8048,8048,18108,10060,4024,20130,14091,,,6039,18117,20130,2013,18126,24168,,2014,,14098,18126,,18135,22165,2015,4030,4030,20150,22165,2015,10080,12096,,6048,6048,12096,12096,
NORTH GLENORA,8036,18081,,8036,,24108,16072,,16080,22110,,,,18090,10050,,6033,4022,,2011,2011,16088,6033,,10060,18108,,4024,,12072,8048,,8052,18117,,,,14091,12078,,4028,14098,,,,18126,6042,,10075,20150,,,4030,22165,10075,2015,4032,8064,,2016,2016,10080,6048,2016
NORTHMOUNT,16072,20090,2009,14063,4018,20090,20090,,20100,18090,,10050,4020,22110,18090,2010,16088,16088,,4022,2011,18099,14077,2011,18108,12072,,6036,,22132,18108,4024,14091,14091,2013,12078,8052,22143,10065,,20140,20140,,16112,2014,24168,14098,2014,24180,24180,,10075,8060,20150,20150,,12096,10080,,4032,2016,12096,10080,
NORWESTER INDUSTRIAL,2009,10045,,,,12054,10045,4018,2010,4020,,,2010,6030,8040,4020,2011,6033,,,,4022,4022,2011,,2012,,,,4024,4024,2012,2013,4026,,,,8052,6039,2013,,6042,,,,8056,6042,2014,4030,4030,,2015,2015,2015,2015,4030,,2016,,,,6048,,6048
OGILVIE RIDGE,,6027,,,,2009,2009,,2010,2010,,2010,,4020,,,,4022,,,,6033,,,2012,6036,,,,2012,,,,2013,,,,2013,4026,,,4028,,,,4028,,,,,,,,6045,,,,2016,,2016,,4032,2016,
OLESKIW,2009,24108,2009,2009,2009,16072,10045,,6030,12060,,10050,,16080,6030,2010,2011,,,2011,,8044,2011,,2012,10060,,6036,2012,14084,4024,,4026,4026,2013,2013,2013,8052,,,2014,10070,,4028,,10070,4028,,4030,12090,,2015,,12090,4030,2015,,8064,,,,10080,4032,
OLIVER,24108,24108,,22099,14063,24108,24108,6027,24120,24120,,22110,18090,24120,24120,8040,24132,24132,,18099,20110,24132,24132,6033,24144,24144,4024,22132,18108,24144,24144,6036,24156,24156,4026,20130,18117,24156,22143,6039,24168,24168,4028,24168,16112,24168,24168,10070,24180,24180,2015,22165,20150,24180,24180,6045,12096,12096,,12096,4032,12096,12096,2016
ORMSBY PLACE,20090,16072,,4018,,20090,24108,4018,18090,14070,,4020,2010,22110,18090,2010,18099,18099,,10055,6033,16088,6033,,20120,12072,,4024,2012,20120,16096,,16104,10065,,2013,2013,20130,22143,,12084,8056,,4028,8056,18126,12084,,20150,18135,2015,2015,6045,22165,18135,,6048,10080,,4032,,12096,8064,
OTTEWELL,22099,24108,,22099,,24108,20090,,16080,20100,,16080,8040,24120,20100,4020,18099,18099,,6033,6033,22121,14077,2011,18108,20120,,14084,8048,24144,20120,2012,20130,22143,,10065,8052,24156,20130,2013,16112,24168,,12084,2014,24168,20140,,22165,22165,,16120,6045,22165,20150,4030,6048,12096,,4032,2016,12096,10080,
OVERLANDERS,20090,20090,,4018,6027,24108,16072,,14070,10050,,,4020,20100,18090,,16088,4022,,2011,,18099,10055,2011,20120,12072,,,2012,14084,12072,,18117,4026,,4026,2013,18117,12078,,14098,10070,,2014,6042,18126,6042,4028,18135,10075,,,4030,22165,8060,,10080,6048,,,6048,12096,10080,
OXFORD,14063,16072,,,,18081,18081,2009,6030,8040,,,2010,20100,14070,2010,4022,6033,,,2011,14077,6033,,4024,8048,,,2012,14084,6036,,12078,14091,,,,20130,12078,4026,6042,16112,,,,14098,12084,4028,4030,16120,,,,18135,12090,4030,,6048,,,,6048,8064,2016
OZERNA,6027,12054,,,,14063,10045,2009,6030,10050,,,,18090,10050,2010,12066,4022,,,2011,14077,6033,2011,4024,12072,,2012,6036,10060,8048,,12078,10065,,4026,2013,20130,2013,2013,8056,8056,,,8056,18126,6042,,10075,12090,,,6045,20150,8060,2015,4032,10080,2016,2016,4032,10080,,2016
PAPASCHASE INDUSTRIAL,2009,20090,,,2009,16072,16072,8036,,16080,,,,18090,6030,2010,2011,16088,,6033,,16088,10055,6033,,14084,,4024,,14084,2012,2012,2013,12078,,,,12078,8052,2013,2014,12084,,2014,,10070,10070,10070,2015,16120,,,,12090,10075,,2016,10080,,2016,,6048,6048,2016
PARKALLEN,4018,18081,,,,16072,10045,,6030,14070,,,2010,20100,20100,,6033,12066,,2011,,12066,12066,,8048,14084,,2012,,12072,6036,,6039,16104,,2013,4026,14091,10065,2013,4028,16112,,,4028,18126,8056,,4030,20150,,4030,,22165,10075,,2016,10080,,2016,,12096,4032,
PARKDALE,24108,24108,,16072,4018,24108,24108,,24120,18090,,14070,8040,24120,24120,4020,24132,22121,2011,16088,8044,24132,20110,6033,24144,22132,,12072,8048,24144,20120,2012,24156,22143,,16104,8052,24156,24156,2013,24168,24168,,14098,12084,24168,24168,8056,24180,24180,,16120,12090,24180,24180,,12096,12096,,8064,2016,12096,12096,
PARKVIEW,8036,10045,,2009,2009,18081,10045,,10050,20100,,,6030,16080,14070,,10055,14077,,2011,2011,8044,8044,2011,2012,12072,,,,22132,8048,,8052,16104,,,,20130,4026,,6042,20140,,2014,,22154,14098,2014,14105,20150,,4030,4030,18135,10075,,2016,8064,,,2016,10080,4032,2016
PARSONS INDUSTRIAL,14063,24108,,10045,,20090,16072,,14070,24120,,4020,,24120,8040,12060,8044,22121,,4022,4022,22121,14077,2011,8048,20120,,,,20120,12072,10060,8052,12078,,,2013,20130,16104,10065,14098,24168,,2014,4028,18126,20140,10070,12090,22165,,4030,,24180,18135,8060,6048,10080,,,,12096,10080,2016
PATRICIA HEIGHTS,10045,12054,2009,2009,,22099,8036,,8040,14070,,,,10050,14070,,12066,4022,,2011,,12066,6033,,,10060,,4024,,8048,8048,,8052,,,2013,,2013,8052,,4028,10070,,2014,,16112,10070,,8060,14105,,4030,4030,20150,14105,2015,2016,4032,,,,4032,8064,
PEMBINA,8036,16072,,6027,,24108,16072,8036,8040,12060,,6030,6030,18090,16080,,8044,16088,,2011,,10055,10055,,6036,10060,,2012,,14084,4024,4024,8052,20130,,6039,,14091,14091,4026,6042,6042,,6042,2014,20140,10070,,10075,10075,,4030,,18135,10075,2015,6048,8064,,2016,,10080,8064,
PLACE LARUE,18081,10045,,10045,,24108,24108,4018,18090,12060,2010,2010,4020,24120,16080,,16088,8044,,6033,,22121,16088,2011,22132,14084,,4024,4024,24144,20120,6036,24156,12078,,8052,4026,24156,18117,4026,20140,8056,,12084,8056,24168,20140,2014,22165,16120,,16120,2015,24180,24180,8060,12096,8064,,8064,,12096,10080,2016
PLEASANTVIEW,16072,24108,,8036,6027,22099,14063,,12060,18090,,12060,4020,20100,18090,,16088,20110,,8044,6033,24132,16088,2011,18108,22132,,4024,6036,24144,18108,2012,16104,14091,2013,2013,2013,22143,18117,,12084,20140,,4028,2014,24168,20140,2014,14105,24180,,8060,10075,24180,20150,2015,8064,12096,,,,12096,6048,
POLLARD MEADOWS,22099,22099,,8036,4018,18081,12054,2009,22110,20100,,4020,2010,24120,14070,,14077,14077,,8044,8044,20110,18099,2011,16096,14084,,6036,4024,20120,16096,,20130,18117,,6039,8052,24156,14091,,20140,16112,,4028,6042,24168,16112,,22165,14105,,6045,4030,16120,14105,2015,10080,10080,2016,,4032,12096,10080,
POTTER GREENS,4018,10045,,2009,,10045,6027,,2010,8040,,,,12060,8040,,4022,10055,2011,2011,,8044,8044,,,8048,,2012,,10060,4024,2012,,2013,,2013,2013,6039,4026,,4028,4028,,2014,,8056,2014,2014,2015,8060,,2015,,8060,2015,2015,,4032,,,2016,8064,4032,
POUNDMAKER INDUSTRIAL,,6027,,2009,,2009,2009,4018,,4020,,,,,2010,,,,,,,,,,,4024,,,,,2012,,,,,,,2013,,,,4028,,,,2014,,,,4030,,,,2015,,,,,,,,,,
PRINCE CHARLES,20090,16072,,6027,4018,22099,20090,,18090,20100,,6030,4020,20100,18090,,20110,20110,,4022,10055,16088,8044,,20120,12072,,6036,4024,20120,18108,,24156,18117,,2013,8052,20130,14091,,24168,18126,,10070,8056,16112,14098,2014,20150,20150,2015,8060,4030,22165,16120,4030,10080,10080,,4032,4032,10080,10080,4032
PRINCE RUPERT,20090,22099,,8036,6027,24108,18081,2009,18090,20100,,10050,4020,24120,16080,4020,20110,24132,,6033,4022,22121,22121,,22132,18108,,2012,8048,22132,12072,,20130,18117,,8052,2013,20130,20130,,18126,14098,,10070,8056,22154,18126,4028,20150,24180,,4030,2015,24180,22165,4030,10080,10080,,6048,,10080,10080,4032
PYLYPOW INDUSTRIAL,,14063,,2009,2009,12054,16072,4018,,20100,,,,6030,10050,2010,,18099,,,,8044,6033,4022,,16096,,,,10060,4024,2012,,14091,,,2013,10065,10065,6039,2014,20140,,,2014,18126,10070,6042,,12090,,,,22165,14105,6045,,6048,,,,10080,6048,10080
QUEEN ALEXANDRA,24108,24108,,14063,4018,24108,24108,,22110,24120,,10050,4020,24120,22110,4020,24132,22121,,12066,12066,22121,24132,,24144,24144,,16096,6036,16096,22132,4024,24156,18117,,14091,8052,24156,22143,2013,24168,24168,2014,10070,14098,22154,22154,,24180,22165,,16120,8060,24180,24180,2015,12096,12096,2016,10080,2016,12096,12096,
QUEEN MARY PARK,24108,24108,2009,18081,10045,24108,24108,2009,24120,24120,,24120,14070,24120,24120,4020,24132,22121,2011,18099,18099,24132,24132,,24144,22132,,16096,16096,24144,24144,,24156,22143,,14091,10065,24156,24156,2013,24168,24168,4028,16112,14098,24168,22154,,24180,24180,2015,20150,10075,24180,24180,4030,12096,12096,,6048,2016,12096,12096,2016
QUESNELL HEIGHTS,,4018,,,,4018,,,,2010,,,,4020,,,,4022,,,,,,,2012,,,,,4024,,,2013,,,,,2013,,,2014,,,,,4028,4028,,4030,,,,,4030,2015,,,2016,,,,,2016,
RAMPART INDUSTRIAL,,8036,,,,12054,10045,2009,,10050,,,2010,10050,6030,2010,,2011,,,,4022,6033,2011,2012,2012,,,,2012,6036,,2013,10065,,,,2013,4026,2013,2014,4028,,,,8056,6042,2014,4030,6045,,,,14105,6045,4030,,4032,,,,2016,4032,2016
RAMSAY HEIGHTS,8036,8036,,,2009,18081,16072,,6030,8040,,2010,,12060,12060,,6033,8044,,2011,,12066,10055,,6036,8048,,4024,,6036,2012,,8052,10065,,2013,,8052,8052,2013,4028,8056,,2014,2014,12084,2014,,12090,4030,,2015,,18135,14105,,6048,4032,,2016,,10080,2016,
RAPPERSWILL,,,,,,,2009,,,,,,,,,,,,,,,,,,,4024,,,,2012,,,,,,,,2013,,,4028,16112,,2014,,12084,6042,4028,2015,14105,,,2015,14105,6045,,2016,2016,,,2016,8064,6048,
RHATIGAN RIDGE,4018,6027,,,,10045,4018,,4020,12060,,,,12060,6030,4020,2011,8044,,2011,,8044,,,2012,4024,,,,14084,,,4026,4026,,,,6039,2013,,2014,2014,,,2014,6042,6042,,2015,10075,,,6045,14105,,,4032,2016,,,,4032,4032,
RICHFIELD,10045,16072,,4018,,16072,16072,,12060,12060,,6030,6030,14070,8040,2010,16088,6033,,4022,4022,10055,6033,,14084,16096,,2012,2012,16096,2012,4024,18117,12078,,,4026,16104,14091,,12084,14098,,4028,2014,20140,12084,,16120,10075,,,6045,18135,10075,,6048,6048,,,,10080,8064,
RICHFORD,,,,,,2009,2009,,4020,,,2010,,6030,2010,,,4022,,,,2011,2011,2011,2012,4024,,,,2012,,,,2013,,,,4026,2013,2013,2014,2014,,2014,,2014,4028,,,4030,,2015,,6045,2015,,2016,2016,,2016,,4032,8064,
RIDEAU PARK,8036,18081,,6027,,22099,14063,,8040,10050,,2010,,14070,16080,,6033,,,,2011,14077,6033,,2012,8048,,2012,,18108,12072,,12078,10065,,,,22143,10065,2013,6042,4028,,,,10070,10070,4028,14105,18135,,6045,2015,18135,10075,4030,,10080,,4032,,10080,2016,
RIO TERRACE,,8036,,2009,2009,12054,2009,,,8040,,,,6030,6030,,2011,2011,,,,2011,2011,,2012,6036,,,,8048,,,2013,4026,,,,8052,2013,,2014,8056,,,,12084,6042,,,8060,,,,8060,2015,,2016,2016,,,,6048,2016,
RITCHIE,20090,24108,,14063,4018,24108,24108,,22110,22110,,10050,2010,22110,22110,6030,18099,18099,,4022,4022,24132,22121,2011,20120,16096,,10060,6036,20120,18108,2012,24156,22143,,8052,6039,22143,16104,2013,20140,22154,,6042,6042,22154,22154,2014,24180,24180,,16120,6045,24180,24180,4030,10080,10080,,4032,,12096,8064,2016
RIVER VALLEY CAPITOL HILL,2009,,,,,,,,,,,,,,,,,,,,,2011,,,,,,,,,,,,,,,,,,,2014,,,,,,,,,,,,,2015,,,2016,,,,,2016,,
RIVER VALLEY FORT EDMONTON,,2009,,,,,,,,2010,,,,,2010,,,,,,,,,,2012,,,,,,,,,2013,,,,,,,2014,,,,,2014,,,,,,,,2015,,,,,,,,,,
RIVER VALLEY GLENORA,,,,,,2009,2009,,2010,,,,,2010,,,,2011,,,,6033,2011,,2012,,,,,4024,,,,,,,,,,,2014,,,,,,,,2015,,,,,4030,,,,2016,,,,6048,,
RIVER VALLEY GOLD BAR,,,,,,,,,6030,,,4020,,,,,,2011,,,2011,6033,,,,,,,,,,,2013,,,,,2013,,2013,4028,,,,,2014,,,2015,,,,2015,,,,,,,,,,,
RIVER VALLEY HERMITAGE,4018,,,,,,,,,,,,,2010,,,,,,,,4022,,,4024,,,,,4024,,,4026,4026,,,,2013,2013,,2014,,,,,,,,2015,,,,2015,2015,,,,,,,,,,
RIVER VALLEY HIGHLANDS,,2009,,,,8036,,,4020,2010,,,,2010,,2010,,2011,,,,,,,,,,,,,4024,,2013,,,,,,,,,,,,,,,,,2015,,,,2015,,,,,,,,4032,,
RIVER VALLEY KINNAIRD,4018,,,4018,2009,6027,,,2010,,,,,,2010,,,2011,,2011,,2011,,,,,,,,2012,2012,,4026,,,2013,,2013,,,4028,,,,,2014,,,2015,2015,,2015,,2015,,,,,,,,,2016,
RIVER VALLEY LAURIER,2009,2009,,,,4018,2009,,2010,,,,,10050,2010,,2011,2011,,,2011,6033,,,,,,,,8048,,,,,,,,4026,,,,,,,,2014,4028,,,,,,,4030,,,,,,,2016,2016,,
RIVER VALLEY MAYFAIR,,,,,,8036,2009,2009,,,,,,6030,,,2011,,,,,6033,2011,,2012,,,,2012,4024,,,2013,,,,2013,4026,,,,,,,2014,6042,,2014,,,,,,4030,,,,,,,,4032,,
RIVER VALLEY OLESKIW,,,,,,2009,,,,,,,,,,,,,,,,,,,,,,,,,,,,2013,,,,,,,,2014,,,,2014,,,,,,,,,,,,,,,,,,
RIVER VALLEY RIVERSIDE,,,,,,6027,,,,,,,,,,,,2011,,,,2011,,,,,,,,,2012,,,,,,,2013,,,,4028,,,,4028,,,,4030,,,,2015,2015,,,,,,,2016,,
RIVER VALLEY RUNDLE,4018,2009,,2009,4018,10045,2009,,2010,,,2010,,4020,4020,,4022,2011,,,4022,6033,2011,,4024,,,,2012,4024,,,2013,,,2013,4026,4026,4026,,,4028,2014,,,2014,4028,,2015,,,,,6045,6045,,,,,2016,2016,2016,2016,
RIVER VALLEY TERWILLEGAR,,,,,,2009,,,,,,,,2010,,,,,,,,10055,,,,,,,,2012,2012,,,,,,,4026,,,2014,,,,,,,,,,,,,6045,,,,,,,,2016,,
RIVER VALLEY VICTORIA,6027,2009,,2009,,12054,2009,,6030,,,,,8040,,2010,4022,,,,2011,4022,,,6036,,,,,10060,2012,,4026,,,2013,,8052,2013,,12084,,,,,8056,,,4030,2015,,4030,2015,12090,,,4032,,,,2016,,,
RIVER VALLEY WALTERDALE,4018,6027,,2009,,14063,4018,2009,2010,,,,2010,16080,2010,2010,4022,4022,,,,8044,2011,,,,,2012,2012,6036,6036,,4026,,,,4026,8052,6039,,,4028,,2014,2014,12084,6042,,6045,2015,,2015,2015,2015,12090,4030,6048,2016,,,,2016,4032,
RIVER VALLEY WHITEMUD,2009,,,,,,,,,,,,2010,,,,,,,,,,2011,2011,,,,,,,,,,,,,,2013,,,2014,,,,,,,,,,,,,2015,,,,,,,,2016,,
RIVER VALLEY WINDERMERE,,,,,2009,2009,,,,,,,,,,,,,,,,2011,,,,,,,,,,,,,,,,,,,,,,,,,,,,,,,,,2015,,,,,,,,,
RIVERDALE,12054,16072,,4018,,24108,14063,,12060,18090,,,,12060,16080,,8044,10055,,4022,,12066,6033,,8048,14084,,2012,4024,10060,8048,,12078,14091,,,2013,20130,10065,,10070,14098,,6042,,14098,8056,2014,10075,16120,,4030,2015,20150,12090,,10080,12096,,,,10080,4032,
ROPER INDUSTRIAL,12054,18081,,,2009,18081,14063,2009,8040,18090,,,,10050,8040,10050,6033,16088,,2011,,8044,10055,8044,4024,16096,,,,16096,10060,2012,2013,22143,,,,16104,6039,10065,4028,10070,,,,18126,10070,6042,6045,14105,,,,14105,10075,6045,2016,6048,,,2016,4032,2016,4032
ROSEDALE INDUSTRIAL,22099,18081,,,,18081,16072,2009,18090,20100,,2010,4020,12060,20100,,20110,8044,,4022,,14077,14077,2011,20120,12072,,,,8048,10060,,10065,14091,,,2013,18117,10065,2013,16112,10070,,4028,2014,10070,8056,2014,8060,16120,,,,18135,14105,,8064,10080,,,,6048,2016,
ROSSDALE,2009,12054,,,,18081,12054,,4020,6030,,,,14070,8040,,4022,8044,,,2011,16088,2011,2011,10060,6036,,2012,,10060,2012,,2013,4026,,,,4026,2013,,8056,10070,,,2014,10070,6042,,6045,14105,,2015,,14105,6045,2015,4032,8064,,4032,,6048,2016,
ROSSLYN,20090,22099,,6027,,24108,22099,,20100,22110,,2010,4020,22110,20100,2010,14077,12066,,4022,4022,22121,22121,2011,22132,18108,2012,8048,4024,18108,12072,2012,22143,22143,,4026,4026,24156,20130,,20140,14098,,10070,8056,24168,16112,4028,22165,22165,,8060,2015,22165,22165,2015,10080,8064,,4032,2016,12096,12096,
ROYAL GARDENS,12054,20090,,10045,2009,24108,18081,,16080,18090,,4020,4020,16080,14070,,20110,16088,,2011,4022,20110,10055,,16096,20120,,6036,6036,14084,12072,,16104,8052,,,6039,14091,12078,,6042,8056,,2014,,20140,14098,,10075,12090,,6045,14105,20150,14105,4030,8064,8064,,2016,2016,6048,8064,4032
RUNDLE HEIGHTS,20090,22099,,10045,14063,20090,20090,,24120,18090,,,6030,20100,16080,2010,20110,22121,2011,,12066,20110,16088,,22132,18108,,,8048,18108,16096,2012,20130,16104,,14091,6039,22143,16104,,22154,16112,,12084,8056,22154,16112,2014,22165,16120,,12090,10075,24180,22165,,12096,6048,,6048,2016,12096,12096,2016
RURAL NORTH EAST HORSE HILL,14063,4018,,2009,4018,,4018,,22110,4020,,,4020,,,,14077,4022,,2011,2011,,6033,2011,18108,4024,,,4024,2012,2012,,14091,8052,,,12078,2013,2013,,16112,8056,,,,,2014,,18135,14105,,,4030,4030,8060,8060,10080,4032,,,,,,2016
RURAL NORTH EAST SOUTH STURGEON,2009,2009,,,,4018,8036,2009,2010,6030,,2010,,2010,2010,,,6033,,,2011,2011,,,2012,10060,,,2012,4024,4024,,,6039,,,2013,4026,2013,2013,,8056,,,,6042,4028,,2015,6045,,,,8060,6045,4030,2016,2016,,,,2016,,
RURAL SOUTH EAST,,2009,,2009,,2009,6027,,2010,6030,,,,4020,6030,2010,2011,4022,,,,6033,6033,,2012,10060,,,,4024,6036,2012,4026,8052,,,,2013,6039,,2014,,,,,6042,2014,,,12090,,,,4030,4030,4030,2016,4032,,2016,,4032,4032,
RURAL WEST BIG LAKE,,2009,,,,8036,2009,,,6030,,,,4020,2010,,,,,,,2011,4022,,2012,2012,,,,,,2012,,2013,,,,4026,4026,,2014,6042,,,,,,,2015,10075,,,,4030,8060,,,2016,,,,,2016,
RUTHERFORD,8036,16072,,,,24108,16072,4018,12060,22110,,,4020,22110,10050,,12066,18099,,,4022,20110,8044,,12072,22132,,2012,,14084,12072,,14091,18117,,,4026,20130,12078,6039,12084,20140,,,2014,20140,16112,,18135,22165,,,4030,24180,14105,,4032,12096,,,2016,12096,10080,
SAKAW,16072,18081,,6027,12054,14063,14063,,20100,12060,2010,2010,6030,14070,16080,,20110,16088,,4022,6033,22121,18099,,18108,20120,,4024,6036,20120,12072,2012,18117,10065,,4026,2013,20130,14091,,14098,12084,,2014,6042,18126,12084,,18135,14105,,2015,6045,16120,14105,,8064,6048,,2016,4032,12096,6048,
SATOO,14063,6027,,6027,6027,20090,10045,,14070,14070,,2010,4020,20100,8040,,12066,10055,,6033,,20110,10055,,8048,14084,,10060,4024,18108,10060,2012,16104,6039,,6039,2013,12078,6039,,16112,12084,,6042,,16112,6042,,18135,14105,,6045,6045,18135,14105,2015,10080,8064,,4032,,8064,6048,
SCHONSEE,4018,8036,,,,10045,8036,,,2010,,2010,,8040,8040,2010,4022,4022,,6033,,14077,4022,,2012,6036,,2012,,6036,4024,2012,,14091,,2013,4026,12078,4026,4026,6042,12084,,,,14098,10070,4028,2015,6045,,4030,,12090,8060,2015,4032,4032,,,,10080,8064,
SECORD,,8036,,,2009,4018,,,,4020,,,,2010,,,2011,2011,,2011,,4022,6033,,8048,6036,,2012,,10060,2012,4024,12078,14091,,,,6039,8052,2013,6042,10070,,2014,,20140,4028,10070,4030,20150,,2015,,12090,2015,2015,2016,6048,,2016,2016,10080,10080,
SHEFFIELD INDUSTRIAL,2009,16072,,,,8036,2009,2009,,12060,,2010,,8040,6030,,2011,10055,,2011,,10055,12066,,2012,12072,,,,4024,2012,4024,4026,14091,,,2013,10065,2013,,2014,8056,,,2014,4028,4028,2014,2015,12090,,,,10075,8060,2015,,4032,,,,10080,4032,4032
SHERBROOKE,14063,20090,,4018,2009,20090,20090,,18090,20100,,2010,4020,18090,18090,4020,14077,18099,2011,,4022,18099,18099,2011,16096,22132,,4024,6036,18108,22132,2012,16104,14091,,4026,4026,22143,10065,,12084,18126,,2014,4028,20140,16112,4028,14105,18135,,2015,2015,24180,16120,2015,8064,8064,,,4032,12096,10080,
SHERWOOD,6027,12054,,2009,4018,12054,10045,,10050,16080,,,,10050,14070,,10055,12066,,,2011,18099,14077,,10060,18108,,2012,2012,12072,6036,,4026,8052,,4026,4026,14091,12078,,20140,16112,,2014,4028,16112,12084,,14105,10075,,2015,6045,18135,14105,,6048,6048,,4032,,6048,6048,2016
SIFTON PARK,16072,12054,,6027,8036,22099,16072,,20100,10050,,2010,6030,20100,20100,,22121,12066,,,10055,14077,12066,2011,20120,10060,2012,2012,2012,22132,6036,2012,16104,12078,,2013,2013,14091,14091,,20140,8056,,2014,2014,16112,10070,,20150,18135,2015,2015,4030,14105,18135,,6048,6048,,,,8064,10080,
SILVER BERRY,12054,14063,,2009,4018,20090,10045,4018,16080,16080,,6030,4020,20100,10050,2010,10055,10055,,6033,2011,20110,8044,,18108,20120,,2012,8048,22132,16096,2012,18117,10065,,4026,6039,16104,14091,4026,16112,18126,,,2014,16112,16112,2014,18135,20150,,8060,4030,22165,20150,2015,12096,12096,,,2016,12096,12096,
SKYRATTLER,10045,2009,,,2009,22099,8036,,8040,10050,,4020,2010,14070,10050,,4022,6033,,2011,2011,12066,6033,,6036,10060,,2012,,14084,8048,,4026,4026,,2013,2013,18117,12078,,4028,4028,,2014,,10070,10070,,10075,6045,,,6045,14105,10075,,2016,6048,,,,10080,4032,
SOUTH EDMONTON COMMON,14063,20090,,8036,,24108,18081,2009,12060,8040,,6030,2010,22110,12060,,14077,8044,,2011,2011,18099,6033,4022,8048,6036,,4024,2012,24144,10060,2012,10065,10065,,6039,2013,24156,16104,2013,14098,8056,,6042,2014,24168,12084,6042,20150,10075,,6045,,18135,10075,,8064,4032,,2016,,12096,6048,2016
SOUTH TERWILLEGAR,6027,16072,,,2009,20090,14063,2009,16080,22110,,4020,,22110,18090,,20110,14077,,2011,2011,20110,12066,4022,18108,12072,,2012,4024,16096,14084,2012,16104,16104,,2013,2013,22143,16104,,10070,22154,,,2014,20140,10070,,10075,14105,,,2015,22165,12090,,6048,6048,,,,10080,4032,2016
SOUTHEAST INDUSTRIAL,,22099,,,,14063,22099,10045,6030,20100,,,2010,12060,8040,,8044,20110,,,,8044,18099,6033,6036,8048,,2012,2012,10060,6036,2012,2013,14091,,,,12078,12078,2013,2014,22154,,2014,2014,16112,20140,4028,4030,14105,,,,16120,16120,6045,2016,12096,,,,4032,10080,4032
SPRUCE AVENUE,24108,24108,,18081,8036,24108,24108,6027,24120,22110,,16080,10050,24120,24120,6030,24132,22121,,14077,12066,24132,22121,16088,24144,24144,,18108,12072,24144,18108,4024,24156,22143,,16104,8052,24156,24156,4026,24168,24168,,12084,6042,24168,24168,6042,24180,24180,,18135,10075,24180,20150,10075,12096,10080,,8064,6048,12096,10080,6048
STEINHAUER,6027,12054,,2009,,14063,6027,,2010,16080,,,,16080,8040,2010,8044,10055,,2011,,8044,8044,,6036,10060,,2012,,12072,8048,,6039,10065,,,2013,14091,8052,,,12084,,,,14098,6042,,4030,12090,,2015,4030,12090,14105,2015,4032,4032,,,2016,10080,6048,
STEWART GREENS,,,,,,2009,2009,,,,,,,,,,,,,,,,,,,2012,,,,,,,,,,,,,,,,2014,,,,,,2014,,2015,,,,,,,2016,2016,,,,,,
STONE INDUSTRIAL,8036,16072,,2009,,22099,10045,4018,4020,10050,,,,12060,10050,,2011,12066,,,,18099,8044,2011,4024,14084,,,,14084,6036,,6039,14091,,,2013,12078,14091,2013,6042,14098,2014,,,16112,8056,2014,2015,12090,,6045,4030,16120,18135,2015,2016,,,,,8064,6048,
STRATHCONA,24108,24108,,24108,14063,24108,24108,2009,24120,24120,,20100,16080,24120,22110,2010,24132,24132,2011,20110,12066,24132,24132,4022,24144,24144,,16096,16096,24144,24144,4024,24156,24156,,16104,10065,24156,24156,8052,24168,22154,2014,14098,12084,24168,24168,2014,24180,24180,,24180,18135,24180,24180,6045,12096,12096,,10080,6048,12096,12096,2016
STRATHCONA INDUSTRIAL PARK,10045,18081,,2009,2009,22099,20090,6027,12060,22110,,,4020,20100,20100,2010,16088,22121,,2011,,18099,12066,6033,6036,10060,2012,4024,,22132,18108,8048,6039,12078,,4026,2013,20130,12078,10065,8056,12084,,4028,,24168,16112,6042,14105,14105,,,,18135,16120,4030,6048,6048,,2016,2016,12096,12096,4032
STRATHEARN,12054,18081,,2009,,22099,18081,,14070,20100,,2010,2010,22110,20100,2010,8044,18099,,4022,,16088,12066,,14084,18108,2012,2012,4024,16096,14084,,10065,18117,,4026,2013,14091,14091,,18126,12084,,,2014,18126,12084,4028,10075,16120,,,6045,20150,18135,,6048,12096,,,,12096,6048,2016
SUDER GREENS,4018,12054,,,2009,18081,8036,2009,6030,10050,,,,18090,4020,,4022,4022,,,2011,10055,,,14084,6036,,,,10060,4024,,,10065,,2013,,16104,4026,2013,4028,16112,,,2014,16112,4028,,4030,18135,,2015,,18135,14105,,4032,8064,,,,10080,10080,
SUMMERLEA,24108,20090,,22099,18081,24108,24108,16072,24120,20100,,20100,18090,24120,24120,2010,24132,22121,,16088,16088,24132,24132,6033,24144,20120,,18108,16096,24144,22132,8048,24156,22143,,16104,20130,24156,22143,6039,24168,18126,,16112,16112,24168,22154,10070,24180,18135,,18135,18135,24180,24180,4030,12096,8064,,8064,6048,12096,12096,4032
SUMMERSIDE,8036,22099,,4018,,22099,16072,,12060,20100,,,2010,24120,8040,2010,14077,20110,,4022,2011,18099,18099,6033,10060,18108,2012,2012,10060,20120,12072,4024,16104,22143,,2013,6039,20130,14091,6039,18126,24168,,2014,6042,24168,18126,4028,22165,22165,,2015,6045,24180,18135,,8064,12096,,4032,4032,12096,10080,2016
SUNWAPTA INDUSTRIAL,,2009,,,,12054,2009,2009,2010,4020,,,,4020,6030,,2011,2011,,,,4022,,,,,,,,8048,4024,4024,,2013,,,,8052,2013,,4028,6042,,,,6042,4028,2014,2015,6045,,,,6045,2015,4030,,2016,,,,,,
SWEET GRASS,12054,6027,,,,16072,10045,,10050,10050,,2010,6030,14070,8040,,14077,16088,,,4022,20110,8044,,14084,8048,,4024,4024,10060,6036,2012,8052,2013,,,,18117,8052,,8056,14098,,2014,,14098,6042,,10075,8060,,4030,,14105,8060,,,6048,,2016,2016,10080,6048,
TAMARACK,4018,8036,,,2009,2009,2009,,2010,8040,,,,8040,4020,2010,4022,6033,,,,14077,2011,,8048,10060,,,,20120,12072,2012,6039,14091,,,4026,14091,10065,2013,10070,8056,2014,,,20140,8056,,20150,16120,,2015,4030,24180,12090,8060,6048,8064,,2016,2016,12096,6048,
TAWA,16072,10045,,4018,8036,10045,6027,4018,20100,14070,,4020,2010,12060,14070,2010,22121,6033,,,8044,14077,8044,2011,20120,18108,,,6036,14084,8048,,22143,4026,,10065,8052,8052,8052,4026,24168,2014,,2014,4028,8056,10070,4028,22165,12090,,6045,12090,16120,14105,2015,10080,4032,,2016,6048,6048,8064,
TERRA LOSA,18081,16072,,8036,2009,22099,16072,6027,8040,18090,,12060,2010,16080,10050,,10055,2011,,4022,4022,12066,8044,,16096,12072,,6036,2012,18108,4024,2012,20130,10065,,10065,2013,14091,10065,4026,16112,18126,,12084,6042,18126,14098,,12090,16120,,8060,4030,20150,12090,,10080,6048,,2016,,10080,10080,
TERRACE HEIGHTS,20090,20090,,6027,2009,18081,22099,,18090,16080,,6030,2010,12060,14070,6030,14077,16088,,8044,4022,20110,14077,2011,22132,20120,,12072,2012,18108,14084,2012,20130,8052,,6039,4026,22143,12078,,14098,16112,,8056,6042,20140,18126,,16120,14105,,12090,,22165,10075,2015,12096,12096,,6048,2016,10080,8064,
TERWILLEGAR TOWNE,12054,12054,,4018,2009,18081,14063,,6030,16080,,4020,,20100,8040,2010,8044,22121,,2011,2011,14077,8044,2011,8048,10060,,2012,,10060,6036,2012,6039,14091,,2013,2013,16104,10065,4026,14098,10070,,,,16112,4028,2014,10075,16120,,2015,2015,16120,14105,2015,2016,6048,,4032,,8064,4032,2016
THE HAMPTONS,22099,22099,,,,24108,20090,2009,8040,18090,,2010,6030,20100,18090,4020,14077,20110,,2011,2011,24132,14077,,18108,14084,,4024,2012,20120,12072,2012,18117,18117,,4026,,24156,10065,,16112,16112,,6042,2014,20140,14098,,14105,20150,,6045,4030,24180,20150,,8064,10080,,2016,2016,12096,8064,4032
THE ORCHARDS AT ELLERSLIE,,,,,,2009,,,,,,,,,2010,,,2011,,,,2011,,,2012,4024,,,,4024,,,2013,2013,,,,4026,4026,2013,2014,12084,,,2014,8056,4028,2014,2015,4030,,,,10075,8060,2015,,4032,,,2016,6048,6048,
THORNCLIFF,20090,18081,,14063,8036,20090,22099,,22110,10050,,10050,4020,22110,24120,2010,20110,20110,2011,12066,2011,20110,10055,,22132,14084,,10060,6036,20120,2012,,16104,10065,,8052,4026,14091,10065,,18126,12084,,6042,2014,18126,16112,4028,20150,16120,2015,10075,4030,22165,10075,,12096,8064,,6048,2016,12096,8064,2016
TIPASKAN,18081,16072,,4018,4018,20090,18081,,20100,6030,,,6030,18090,12060,,16088,14077,,6033,8044,16088,12066,2011,18108,14084,,,4024,22132,20120,,20130,8052,,2013,4026,14091,16104,2013,18126,8056,,2014,2014,18126,6042,2014,10075,12090,2015,2015,2015,18135,8060,,10080,10080,,4032,,10080,8064,2016
TRUMPETER AREA,,,,,,,,,,,,,,2010,2010,2010,2011,2011,,,,,2011,2011,,2012,,,,2012,,2012,,6039,,,,6039,4026,,2014,2014,,,,6042,,4028,2015,10075,,,,6045,4030,2015,,6048,,,,10080,,
TWEDDLE PLACE,16072,18081,,2009,,12054,10045,,20100,16080,,8040,6030,10050,16080,2010,20110,10055,2011,4022,8044,16088,10055,,12072,18108,,4024,8048,20120,10060,,14091,6039,,10065,4026,20130,16104,2013,10070,14098,,2014,2014,14098,14098,,16120,16120,,2015,6045,20150,20150,,8064,8064,,2016,2016,10080,4032,2016
TWIN BROOKS,10045,18081,,,,22099,10045,,,12060,,,2010,20100,6030,2010,8044,8044,,,,20110,2011,,8048,8048,,4024,,12072,6036,4024,10065,6039,,,6039,16104,14091,,8056,14098,,,,8056,10070,,4030,14105,,,2015,14105,2015,,2016,2016,,,,10080,2016,
UNIVERSITY OF ALBERTA,24108,20090,,10045,4018,24108,20090,,22110,18090,,4020,12060,24120,14070,,20110,14077,,,4022,22121,8044,8044,20120,14084,2012,12072,6036,20120,16096,4024,24156,12078,,2013,6039,16104,14091,2013,24168,18126,,2014,4028,18126,18126,2014,24180,18135,,6045,10075,20150,6045,8060,12096,12096,,6048,6048,12096,4032,2016
UNIVERSITY OF ALBERTA FARM,2009,8036,,,,10045,2009,2009,,2010,,2010,,2010,2010,,4022,,,,2011,6033,,,4024,2012,,2012,,4024,6036,,4026,,,2013,2013,2013,10065,,2014,2014,,,,8056,4028,2014,2015,6045,,2015,4030,6045,,,6048,2016,,2016,2016,4032,2016,
VIRGINIA PARK,8036,10045,,6027,2009,16072,14063,4018,8040,14070,,2010,2010,8040,6030,,6033,6033,,,,6033,8044,2011,6036,12072,,4024,,8048,4024,,4026,10065,,2013,2013,12078,6039,,6042,10070,,2014,2014,16112,6042,2014,,18135,,,2015,14105,8060,2015,2016,6048,,,,8064,6048,
WALKER,,10045,,,,,2009,,2010,6030,,,,10050,,2010,2011,4022,,,,8044,6033,,6036,12072,,,,12072,4024,,,10065,,,,16104,10065,,6042,18126,,2014,2014,18126,12084,4028,20150,16120,,2015,6045,14105,14105,4030,6048,8064,,,,10080,4032,2016
WEBBER GREENS,,2009,,,,2009,,,,4020,,,,2010,,,2011,4022,,,,8044,,2011,6036,6036,,,,2012,,,6039,4026,,,,2013,2013,2013,6042,2014,,,,6042,6042,,2015,6045,,,2015,10075,4030,4030,,6048,,4032,,4032,2016,
WEDGEWOOD HEIGHTS,,6027,,,,2009,2009,,,,,,,10050,,2010,,2011,,,,4022,2011,,,6036,,,,8048,,,2013,8052,,2013,,8052,,,,,,,,2014,2014,,2015,6045,,,,6045,2015,,,2016,,,,4032,2016,
WEINLOS,20090,12054,,8036,,18081,20090,2009,16080,10050,,8040,2010,14070,16080,,12066,8044,,4022,2011,18099,12066,,16096,6036,,,14084,12072,10060,,8052,8052,2013,,6039,18117,18117,,18126,8056,,2014,8056,8056,4028,,12090,12090,,2015,2015,12090,10075,,6048,6048,,6048,2016,10080,6048,
WEIR INDUSTRIAL,4018,24108,,,,18081,16072,4018,4020,22110,,,2010,20100,12060,4020,,16088,,,,18099,10055,2011,6036,16096,,,,18108,8048,2012,12078,22143,,2013,,14091,10065,6039,6042,14098,,,,12084,12084,2014,10075,18135,,2015,,22165,14105,4030,2016,12096,,,,10080,6048,4032
WELLINGTON,18081,16072,,,,22099,16072,2009,14070,14070,,4020,4020,24120,20100,,14077,8044,,2011,4022,24132,18099,,20120,14084,,8048,4024,20120,14084,,20130,10065,,,2013,20130,18117,2013,18126,14098,,4028,2014,20140,22154,2014,8060,12090,,2015,8060,22165,18135,2015,10080,8064,,2016,,12096,8064,4032
WEST JASPER PLACE,20090,22099,,18081,4018,18081,20090,4018,22110,20100,,8040,4020,22110,20100,4020,22121,18099,,10055,12066,22121,18099,,24144,22132,,10060,,20120,16096,2012,22143,24156,,16104,6039,22143,20130,4026,24168,18126,,14098,8056,20140,14098,2014,24180,20150,,16120,4030,24180,18135,4030,12096,10080,,6048,2016,8064,12096,4032
WEST MEADOWLARK PARK,22099,20090,,8036,2009,24108,18081,2009,18090,16080,,12060,,22110,18090,2010,24132,12066,,10055,4022,20110,16088,,24144,10060,,2012,6036,20120,20120,,22143,18117,,6039,6039,16104,22143,2013,22154,8056,,4028,2014,18126,14098,,22165,10075,,6045,6045,20150,14105,6045,12096,4032,,4032,4032,10080,12096,
WEST SHEFFIELD INDUSTRIAL,4018,12054,,2009,,16072,10045,10045,14070,18090,,,,12060,18090,4020,4022,10055,,2011,2011,8044,10055,4022,2012,4024,,,,12072,4024,2012,4026,10065,,,,16104,14091,4026,4028,16112,,2014,2014,20140,14098,4028,4030,18135,,2015,,16120,18135,6045,,8064,,,,10080,8064,
WESTBROOK ESTATES,2009,4018,,,,12054,2009,,6030,6030,,,6030,6030,2010,,6033,2011,,2011,,8044,8044,,4024,10060,,2012,,6036,,,2013,4026,,,,6039,2013,2013,,6042,,,,6042,2014,,2015,8060,,,,4030,4030,,2016,,,,,8064,,
WESTMOUNT,24108,24108,,8036,6027,24108,22099,2009,22110,24120,,8040,12060,24120,22110,,24132,20110,,12066,8044,24132,24132,,24144,24144,,12072,8048,24144,18108,2012,24156,24156,,12078,6039,24156,20130,4026,24168,24168,,14098,12084,24168,24168,10070,14105,24180,,10075,6045,24180,24180,2015,12096,12096,,10080,2016,12096,12096,
WESTRIDGE,4018,14063,,,,12054,4018,,6030,6030,,,2010,4020,6030,,,4022,,,,8044,2011,,2012,6036,,,,8048,,,2013,4026,,2013,,12078,4026,,,8056,,,,12084,2014,,,6045,,,,12090,6045,,,,,,,4032,,
WESTVIEW VILLAGE,8036,12054,,2009,,16072,10045,2009,14070,10050,,,2010,6030,6030,2010,10055,4022,,,4022,6033,4022,2011,14084,6036,,,,10060,12072,,10065,20130,,,,14091,8052,,6042,10070,,,,10070,18126,2014,12090,10075,,8060,2015,6045,8060,,2016,4032,,,2016,4032,4032,
WESTWOOD,24108,24108,,12054,2009,24108,24108,2009,24120,22110,,18090,4020,22110,22110,,22121,22121,,6033,6033,22121,22121,2011,24144,24144,,14084,6036,24144,24144,2012,24156,24156,,8052,8052,24156,20130,,22154,20140,,12084,8056,24168,24168,,22165,24180,,12090,8060,24180,24180,2015,12096,10080,,6048,4032,12096,12096,2016
WHITE INDUSTRIAL,2009,16072,,,,14063,8036,,,6030,,,,14070,10050,6030,,6033,,,,8044,2011,,6036,4024,,,,2012,2012,4024,10065,6039,,,,10065,10065,,2014,,,,2014,16112,,2014,4030,4030,,,2015,10075,2015,4030,,4032,,,,10080,4032,
WHITEMUD CREEK RAVINE NORTH,2009,,,,2009,,,,2010,,,,,6030,,,2011,,,,,2011,,,,,,,,4024,2012,,2013,,,,,2013,2013,,2014,,,,,,,,,,,,,,,,,,,,,6048,,
WHITEMUD CREEK RAVINE SOUTH,2009,,,,,,,,,,,,,2010,,,,,,,,4022,,,,,,,,,,,,,,,,,,,2014,,,,,,,,,,,,,,,,,,,,,,,
WILD ROSE,14063,10045,,2009,4018,18081,14063,2009,14070,16080,2010,,2010,14070,12060,,20110,16088,,,,18099,16088,,18108,16096,,,,20120,10060,2012,12078,12078,,2013,4026,18117,10065,2013,18126,10070,,2014,2014,22154,8056,,20150,18135,,2015,8060,22165,20150,2015,10080,8064,,2016,2016,10080,8064,2016
WILSON INDUSTRIAL,4018,20090,,,,20090,14063,6027,,10050,,,,18090,4020,6030,2011,16088,,,,10055,10055,8044,2012,6036,,,,14084,6036,4024,4026,10065,,,,6039,4026,,,2014,,,,12084,8056,4028,,12090,,,2015,20150,8060,2015,,8064,,,,12096,8064,2016
WINDERMERE,2009,12054,,,,,,,,6030,,,,4020,2010,,2011,16088,2011,,2011,10055,4022,6033,2012,8048,,2012,,14084,8048,2012,10065,20130,,2013,2013,18117,6039,12078,16112,16112,,,2014,14098,6042,8056,16120,20150,,,,22165,12090,8060,6048,12096,,2016,2016,12096,2016,4032
WINDERMERE AREA,,,,,,,,,,,,,,,,,,,,,,,,,,,,,,,,,2013,,,,,2013,,,,,,,2014,,,,,,,,,,,,2016,,,,,,,
WINDSOR PARK,2009,10045,,4018,,10045,12054,,,12060,,6030,2010,14070,8040,,,10055,,,,10055,4022,,4024,16096,,,,10060,6036,,4026,8052,,,,6039,4026,2013,,12084,,4028,,12084,4028,2014,2015,14105,,,,4030,4030,,,6048,,,,8064,2016,
WINTERBURN INDUSTRIAL AREA EAST,4018,16072,,,,12054,16072,6027,4020,18090,,,,10050,10050,4020,8044,16088,,,2011,14077,12066,,6036,20120,,2012,2012,6036,10060,,4026,16104,,,,6039,14091,6039,,18126,,,,12084,16112,6042,4030,18135,,,,18135,20150,10075,6048,8064,,,2016,8064,4032,4032
WINTERBURN INDUSTRIAL AREA WEST,8036,18081,,,,6027,12054,6027,,18090,,,,8040,6030,10050,10055,14077,,2011,2011,4022,14077,6033,8048,18108,,,,6036,12072,2012,4026,20130,,,2013,8052,16104,4026,10070,18126,,,,14098,14098,6042,4030,22165,,,,16120,18135,4030,2016,12096,,,,2016,6048,2016
WOODCROFT,22099,18081,,16072,6027,24108,22099,6027,24120,22110,,14070,4020,22110,20100,6030,24132,16088,,14077,6033,20110,10055,2011,22132,16096,,6036,8048,22132,16096,4024,22143,20130,,6039,6039,22143,14091,2013,22154,18126,,12084,4028,22154,20140,,24180,14105,,8060,6045,24180,18135,2015,12096,8064,,8064,4032,12096,10080,2016
YELLOWHEAD CORRIDOR EAST,4018,22099,,2009,2009,22099,22099,2009,8040,22110,,4020,,18090,16080,6030,10055,18099,,4022,,20110,14077,4022,14084,12072,,6036,,22132,16096,4024,12078,20130,,2013,,22143,24156,2013,10070,22154,,4028,,20140,20140,6042,10075,24180,,6045,,24180,20150,8060,6048,10080,,4032,,12096,12096,4032
YELLOWHEAD CORRIDOR WEST,,,,,,,2009,,,,,,,,,,2011,2011,,2011,,2011,2011,,6036,2012,,,,2012,,,,,,,,2013,2013,,,,,,,,4028,2014,2015,2015,,,,4030,4030,,2016,,,,,2016,,
YORK,22099,18081,,4018,8036,24108,24108,,20100,20100,,4020,4020,22110,16080,,24132,18099,,8044,8044,20110,10055,,22132,12072,,8048,10060,20120,6036,,20130,22143,,2013,2013,22143,22143,,12084,14098,,4028,6042,20140,16112,4028,22165,24180,,4030,4030,20150,18135,2015,12096,8064,,2016,2016,10080,8064,2016
YOUNGSTOWN INDUSTRIAL,14063,12054,,2009,,24108,10045,,,6030,,2010,,16080,12060,2010,8044,8044,,2011,2011,16088,10055,2011,4024,10060,,,2012,18108,10060,4024,2013,8052,,,,12078,6039,2013,4028,8056,,2014,,10070,4028,2014,2015,14105,,4030,2015,12090,4030,2015,2016,6048,,,,6048,2016,2016